address,bcmd5,type
ceff5d67386feebf531f8fe9667c62569cb26c71,bc974ebd3c44115e7df02482302f0ab9,Chain
de22069cad238979bd436d5ea0d60475e5e7af06,4ee859f7de8469e115bd0ba484ae1722,Chain
c677f49cf449421ffd246e4d33e69e49b1183e4b,4ee859f7de8469e115bd0ba484ae1722,Chain
1c43991f89a000a803e0443d68a26684cde6dc2f,4ee859f7de8469e115bd0ba484ae1722,Chain
d907bd07813ba91a9143e7c98340e53755d575a5,4ee859f7de8469e115bd0ba484ae1722,Chain
b7438d9e851aaff3a86a8bdb060285872a32f558,4ee859f7de8469e115bd0ba484ae1722,Chain
69a5e3ed619ef8e974a509429b0640814a2e0602,4ee859f7de8469e115bd0ba484ae1722,Chain
73b6e33895b7095587412cdf9b6e3d0af472f3bd,4ee859f7de8469e115bd0ba484ae1722,Chain
90c6caf734351ab2e5e02bb51bfb3964f746228d,1c19e29e8df2211ef1161bec2b76668e,Chain
45bb65c196c7019e94ef5880485b7afb2ca95300,03517cd42ade4c11b541059c633cf3b8,Chain
6edea3515749cef9986d05f08104ffd976217bb7,e366b28638cdb33c8e99bbc1c7a2eeaf,Chain
05d7c87cf85de4103635ec585b1e36cf240837b4,a6de183d2ca268457bbf12c00f34132a,Chain
70b026048d924eb525889ce975ae9ed83833f2cf,dacb9e8223fa7ad2c8495de6c2471dd3,Chain
9758da9b4d001ed2d0df46d25069edf53750767a,d08ed802eab0676ef74dba752f16efee,Tree
6ea8600c541c5b4e395fdf8fd8e758655161da42,dacb9e8223fa7ad2c8495de6c2471dd3,Chain
95b3581fc1d18ca52cd2a295427c7153419abbf0,86dc1fd4a3802fc38dd24dc29eb7f4c1,Chain
0ec3cd77dbc5b512b5f9e45578813e1dbbcda719,59a9e22142cfdcd0164906ff05acca67,Chain
66342e803943929dc47bca1d625f42c7c725b049,91adc9ca7f87563b5e9103686a9c45de,Chain
2c9bcdb80716afe15eff58e7c6a068b3aead05a3,40ef8c4d96dc6dc2f682222968698b42,Chain
41f2d5040726c5328f8366f17041ec012ac8f338,bf9fd1cb85fda5b0cdba2312d79aa609,Chain
908b3c90f8ba8e7a5a4815707cd6717181b23cb9,90da5b511499e9e6eb88fcce8851700c,Withdraw
4a53e0f5144adcbb606087615bf78078c2097f02,93779abb71e823fbca37f4a013379888,Chain
38b1287bc70efc12c91f9ba012763a7bbc286c01,4d15045e8c0a1d61e47bb5a1605c90ef,Chain
68786279b78ad3a737b760514ec4c4c0289c6537,5caaa435733272e83af740ea1b5b0233,Withdraw
064e87a623063e3c444c3c8fa1b499d895d3062e,da370b5ea2d2565b129b888dd1c175cc,Chain
7a9c80df6bb53d088e463c5cc53c163637fc89ff,3cafc0cb9959b660f45432860b7ba560,Handover
7f65ae15bb752638c647f2e5cc6aabc5fae8b01a,62de2141e2ff7641cece529388aae874,Chain
5729ac16f3d21eb482096ec84776454798cf7b8c,071027ee4150bcceedb538710fdbd8c1,Chain
194dd7c558d18e48ba0c35be5c40ec10d8001fda,4b472965ed0b669d6115bedf068b6f8d,Chain
874c3471d459f4107abaeb915cdba6c562cfba3d,aba8d1fa7c74cc5b08e7809171dd8627,Handover
ef84979e399a9e390aeb5925665795bebc184c57,071027ee4150bcceedb538710fdbd8c1,Chain
48929376c30a321f09a21c19cd9c82ec7cdf4146,3d46c89fd4e43bcd7fc0763195fd1b0e,Withdraw
e125b67892dd6b9345aabf2d077ac62d8eb7d335,4744c5a13b2732b370b49a4916423b11,Handover
a2ba369e880badd40401b7c676abf963f15fc5f6,a5e67a400522bfeb7528383af0ef3038,Chain
b15970c21d3fe0ed440980b056ab7fa7acb296b1,7fa54e7217193cf79aa68353dd45844b,Chain
212477df60042e7212a7d62f73caf13ebf2fc47b,c5a2f06d9f2ce460f57c5260c90bfd32,Chain
0315224a784860e79217d44ce9eddd73a7dd0381,77ce639ffc7a81862ea77d11675412f6,Handover
99a1cac09c1c07037c3c7b821ce4ddc4a9fe564d,ae142167514c2b1a14c4874a15dcbe74,Chain
cd28ee4d48abb9558d7e5d9379f3f9d890f219ca,4744c5a13b2732b370b49a4916423b11,Handover
dddfcb574a742fc51068b03e263257c9f1df7b13,fda1ec843844bb7db78822c7d0f76166,Chain
a15bfc50d59d01e3da0e634ef31bc8f1f1bef58a,7fa54e7217193cf79aa68353dd45844b,Chain
2a64f5825e434d7517e8eceaf9162bf6e0c5af6b,d914007c19e52fc431d529443f4c913a,Chain
0f0ee3c61c883925e67190c7050e56a9433afd84,4744c5a13b2732b370b49a4916423b11,Handover
8826979607bbb47328a5f8c5696fea1e4249c671,94dfc624b77a2ae820eaa46c53dce405,Chain
4fa2bec37bb47781e56b4ddc7929f0d3bcedce33,dc653b8ae9f7941c54e5b81c42ad33d7,Chain
be46324018124b2d604c2f3eae91d3de9b388b09,15fc099a6ce68650fdc6e67e0818a10d,Chain
5169dbf8c7f02de1083b05d4018ef488f9c37222,ae92104cfff6462e5dd8b51c9616987b,Chain
4e00821b562e98bfbfb32245468b3ba4e5b3140a,acd5dbe91c74e63f10f756e01bdfe178,Chain
132e2b67e91bf0294536b16d772e8dee099fc40c,787b60906058047a69d59cc788589f0f,Withdraw
6cafdc06177f6f4b4b4638c987397b07cd948aed,158752b04b3d44a8b0d44d11f41253eb,Chain
a949255ee21c18bc758517a2d24c6bde20116f82,49d1b7b2da80f36c53790d6a094adf34,Withdraw
057f4815bd0a1cf026301f82cd5a96c906dea9c6,40ac894655de31ec8a6d3461e6f15629,Chain
7c4a690585ffe89c01aebfce188b9bec8def9e8d,4d89d68b74861655267e747cc4ae6856,Chain
3fbecd2e3988bf4cf7d82f91c63152b8418d91a3,13c6d7c757ab526840165888fbc0097c,Handover
a820487e57656771b21ab533cb99e8d347aa20ef,6b1004f6766a6d4b6ccc863eb54e54d3,Chain
c6fef905fba0e325c0e962ca8676d0465cff64d1,b2815adf455278265b5ee2caf5483e4a,Chain
c1dc3238dc94615e47da5096e49dd4a94eb16e27,b2815adf455278265b5ee2caf5483e4a,Chain
ba4c389b5d7c62370c76d1c7208636742903f8c5,62de2141e2ff7641cece529388aae874,Chain
1e58880b774fae1856c39b1f4b769da000af330d,ff5d90cfc452b8b493af8cd1cd435f73,Handover
9b97e0237edbffdade6c5a3fb0937b2c4a455ab9,16347ea7f8f50eb3926d2821e811cd3b,Handover
f79341b38865310e1a00d7630bd1decc92a8f8b1,ae142167514c2b1a14c4874a15dcbe74,Chain
68512f25c762a61047e652c51c71757593a2e9e6,4744c5a13b2732b370b49a4916423b11,Handover
d077e49cbad10688a3084aa3e8ed1605084d4ec0,7ce7fa8dde0f6dcd2179c23ebc34d042,Chain
073d7a1d115181ae857614650ddea925cc499a72,4e9cc72ccf2d8c5030c1b8dd3ea910f9,Chain
469a043b283888777217ffd0ac280a2aa70bbdbf,a5e67a400522bfeb7528383af0ef3038,Chain
8340ac5af962cae8682d7217b8e26ae2e75f0c75,fa1834cb33bd103d573e106f25b76be6,Chain
91d43401597f517f9304cb21917506441060e9c2,7e62280c138f3ca55df90478dc2bd66c,Chain
3be274206e77fc9cbfe4aa2b4c5c211303228447,7e62280c138f3ca55df90478dc2bd66c,Chain
dc2ac1fa3a5d5f110d07dfc1146f4c4fbc0faf5d,f9f65b325ac0a2896f159f019f8046d2,Withdraw
2c0b1026070b51206574f0d68c6a05d67e9a6498,94917c55c3dc6de9d2c32ab523936c3a,Handover
82d69c2f6d0ef836b26f02598782b5cdee2f887e,8ae1c87565dba5eca9eb5e9a6f5e5854,Chain
dff927b0c979c93a320bfc82a53aa13cbbe048d7,b2815adf455278265b5ee2caf5483e4a,Chain
4e7a880d0d2fc759d04c776158c595c437cdc99b,506c7f0eafdaf5a9511c1dfe29e00a6f,Withdraw
41c0542f41251d6d81526ed2dbc8f0008b13fe48,8078feed76eecc8ffc5839a592c0eff6,Chain
dd4cbc549965974cef6fe14d9e80b62d73384153,7e62280c138f3ca55df90478dc2bd66c,Chain
790f8d3ea6790880dd09f2c23729138b5fd6685c,901ca680dbc320247881b57df4f9a95f,Withdraw
bb27ad42cbe9534cec452b0134a350cbfe1ba337,2fec55c3e0c3f1e8eab8c457dc5f6995,Withdraw
c2a893895db82d611b0da3a998b8c2f755cb9808,2f6ac76db771db68fe72ef40e8bca961,Withdraw
85c5c26dc2af5546341fc1988b9d178148b4838b,d914007c19e52fc431d529443f4c913a,Chain
c08693c9545481a40ad148da556fe63653562e2b,638f9bcec6405b328223fe9dc4f94f68,Handover
7cdfa222f37f5c4cce49b3bbfc415e8c911d1cd8,6a97bd05ee287bfe1350f4910b9e5a6a,Chain
7229b46468dc09a0170ae349b9a7443ed6e2992a,e2ab3aed3e6f400e95cb3b9f96af3d5d,Chain
9908e89cfcf86ef44b6e3b2f65a6d871714ace39,8ef4553d2328013954c1c55dafcb17b4,Chain
4fac33dabfd83d160717dfee4175d9caaa249ca5,3da0c721eea64f39cbc7c86105c48dda,Withdraw
bb110d0226ad853da79921ad5b9f46195fbfa4d4,4354cff6e41b833268ed702d39bc5ce5,Chain
121a45465bc0b5b007e39db2a02311b1efa75842,e921376b95af7ae959fcfcd63182a457,Chain
0a831e5400ae2f2f773a9385aaa2e7668a356005,2f6ac76db771db68fe72ef40e8bca961,Withdraw
4dfbde3dfd91b7727ec4353dac227dadd7113b87,2de2a37aa33485072f8530850c032ba4,Withdraw
8d95c8dc182e4808247006b896b78b1fc3a721df,e921376b95af7ae959fcfcd63182a457,Chain
08f7e145df8b9a10a40674d7ed8396a3a9eae650,29f3f56b2504dc85146e7b05eb6afe65,Chain
d16bf8966ecad31defaed4fab5b94373b728ac2f,2f055f79f0ada12f628553fdc8cfe437,Chain
b97768a8e31789dbece1403694e53c2142c3d706,1b3417c56504812de228beea439305e7,Chain
ef35ca72fbeb2afbe5a181d3c1ebb313c948285e,b5d79e9e9c6f4f004516b61a3a6a6943,Chain
d3ac627abdc1ce6c27c04b37c86e368f754f2995,183c170298e009effd36efb851e6ecc4,Chain
c0e6df904ee408b13f4f22487246af0a7755830a,24ddf82d781ad3306381304cc7a1a749,Chain
ca0963d7f341c9eb021a7f35a4f2cb8bca17d339,2f6ac76db771db68fe72ef40e8bca961,Withdraw
77b3106417d4cf3138882cc21d4710c71183b707,930b3f10b0d4778ff51d7fe1d3061e9d,Withdraw
4eb3aff340a3b5f704a102330fa60507018e0d30,8101b459e2a41404ca079fe10a174157,Chain
2c6c5dab8095191678ec2a276c252dffd80ddf6d,d1bd7cbf2f9a3406d09c15a0827acbf2,Chain
c6a0b5f8fb0244fbbbe7262b8eb6deb15fafecde,4e9cc72ccf2d8c5030c1b8dd3ea910f9,Chain
d658cf4967c136f5b8fdbf09143ecb518bff8123,f5be10e6ab288f10cb15414445ea605b,Handover
cf3451b6a9ab3c66ebea097c0539b7d5ced0464c,f5be10e6ab288f10cb15414445ea605b,Handover
d02f84a72d102dc64cde6de46ed5ba51d3c68084,d1bd7cbf2f9a3406d09c15a0827acbf2,Chain
565fc7ff1633d233bf9eb2e734e7524e995cf07d,ffe1e04da1ec1d72f1f16ee7f968f89d,Chain
429a0434bae501e4f7e31969f02ba7962254c63d,5d0cffefa01db4865d96b53e2ecc78f5,Chain
75aa81161e07483f6ca199fef46c13eb13d190be,2a6644efb6c88bbaf687e050c716a594,Handover
899bd9f8ab0ef0b83b74c664ffa63969761d27c1,dbf049e3834c43b87128e1ea7c9af9b6,Handover
7c96941093c9ee4e9449a6249223ab2340f550e8,31fcf71bd356407ff694b76cd185c243,Handover
ce44c75d3c2864421df2a1d2f068d8da8375f579,0c93651f6c9a9ad993e718996de28b74,Chain
dcabd383a7c497069d0804070e4ba70ab6ecdd51,1b3417c56504812de228beea439305e7,Chain
e73cf3f446f126228b2db7c04a46d285ea18ab56,8afc3a41755cc57605430d68a0898f12,Chain
ec46e917f78d1a42567ffeb4edfa8933d77eb872,143a10afd0bcc55220c8e05d976dc185,Chain
61f6c7c9b344705736cc86627859ede5e2b8e562,b57bb7f30d4e8d1ed668db910931383f,Chain
a5c56eef95bb7d29ebcf1b77483cbae48d2e4e76,5d0cffefa01db4865d96b53e2ecc78f5,Chain
f2f41d6964f7288069554f9e2555d17ce1f41b75,b4d15d8f2ea7cbcb0f57e4ba978aca78,Chain
2dad35ca7d3e3577f5c4160f99940809a9f2ed91,dfb1380efd955011a5154311530e809c,Chain
cd88e9f1dfa89b3bda09d6703c5a0b800a34f61d,aae1f365dff69a2d078aa29fed25bdef,Chain
a923c8778fb00047ce5c9fc2aaea16128a06c801,5d0cffefa01db4865d96b53e2ecc78f5,Chain
f9b8406317512a73c900284f9596455d2dce76d1,ccb852798850060a9ea6111c65d55b87,Chain
e190acdccd250dc371e69f1715ff4a7c20d0c67e,f1fd29f4cecd84165785e76ad0f8c5f5,Chain
fbc128067a2fe13c11bbc6cc55f29aa1f27630da,067a7bb57d63dbaf301959de5025b3f5,Chain
146fb1682050e04d951fa84ee35bfec8a16195cb,73cb703e0964155d796f1bb2b17547e2,Chain
4100a8cbdfb6b029f6820ced6eab20863cd02fff,389383f869f70ec0c06ff0f770658ef8,Chain
a327075af2a223a1c83a36ada1126afe7430f955,6dab50a274703f367d9add431121a12b,Chain
df77b0896bc7c473df2d86d534af317b96b58386,c4d31c6079fb078033766901a15b3e6d,Chain
a288f740c5f795ff2a3ae4a5a88ac28d809d72c0,d1bd7cbf2f9a3406d09c15a0827acbf2,Chain
a4bb9afc41b1201b227de34a2869f13227ed8385,6e597d9d3f109971b3d92383a51b9a59,Chain
8f03ef61e41a6d789ba56495b059e2cc6f0f861f,cf45a54d0d737d47fd9edbc0e1f0a9ed,Chain
4d79a3d77d1fd3deb1e466374a81f609377730eb,db79fa7864665f722f843a8b0debd9f2,Chain
3a67782de1e70d3f09d7955a41108d0533550048,7a2c901dfc3f63b461548a656b187fba,Chain
19b115365671a818ed62aa326d91e6e4713f8900,fb4c14440272f3bf6baa96d982f12b94,Chain
327f9f3d4ace1919c14bc75e04e4063c72655748,16347ea7f8f50eb3926d2821e811cd3b,Handover
c0134483fecdb6a567fe519e68fb36d53c629962,93cb75e8134445fe099ba3b269939761,Chain
f297886a4ed402d39f3961d63944812ebd00b46c,4a1c98a5553c006276b33cd804a73c7b,Chain
c66d973181f202142bbdd5877d2c175c5593fdbf,30df2dc358c4fdc1b04781f518cb3e29,Chain
4fa1f5846f9e8b139e85b10c604b47e9314a7d0a,caa28df276c97ed6f914b1c98f49e3ec,Chain
0d35e5b6b91254fb405e620448c8760fd10614ae,3e08d5537c092351fbcc2ed552b0a0fc,Chain
81312b948a47af46cf1cf8bbc94ef52c0c40fecb,c0e4b6038a693b34ef00858bec8d50a6,Chain
cac337492149bdb66b088bf5914bedfbf78ccc18,3b7eb0dc200babdd9149de8bc7e5d3c5,Chain
9c0d8ff2cd4097783091ec36f95ca31f463f69b3,4c32503fdf2b94eac73db2caac1870ee,Chain
71ca2024400e091b21f31ac9d9bb24b1ff67799c,999dbbda30dada92b34a5d3eaa27829b,Chain
f26fd6b021b7e48ba3309e74d74ff8062959f500,7996aa90fbad9ea5193ca33c771eb9e6,Chain
b6f1bc192a99e7e1130dd675288ad94160bf549e,999dbbda30dada92b34a5d3eaa27829b,Chain
57f55bd674ca873de5c8d83816e77e27e06998e2,28551466be80967e90a5c7c6b3ea9850,Chain
b336a86e2feb1e87a328fcb7dd4d04de3df254d0,13e9315722a767f1ddde6d4e1357251a,Handover
a40b828e0e0bddee4a75aa9de359e731dcfc6dcc,a20015cf530cb5a91b4ae1550aa63078,Handover
02ad1b2f88d37825a311045663a0bf97d0dcd845,b3d98d766a9ca70d0618213c4bdbd985,Chain
566ff5fb4e41a1a5d0dab025be83bbaea87bb7bf,73cb703e0964155d796f1bb2b17547e2,Chain
a850e6f693b9bcb31df3ee44e7888ef19e608107,01564b57a2ea3104162fda5de9f6637d,Chain
80622cc6c5c8dc4fa96c9b4994278695da71af69,64fca96fa88d6061435fcce14d1b9da7,Chain
ee462a6717f17c57c826f1ad9b4d3813495296c9,05201956b950917b86a28d79ecd28670,Chain
99d982e49bcb5465a6b4c1e0ec4341c912d9ba42,7b2a9acba2d5c62f4928f993b97381a6,Chain
bd7aa8086e6dba807d12ace68991285e543fe74c,16347ea7f8f50eb3926d2821e811cd3b,Handover
38cf03e9f856e2114d4d275ff4d70ff56182569e,16347ea7f8f50eb3926d2821e811cd3b,Handover
d55dd7b0ed0bbb05a047691f30277764ecf55a1f,37d59292a02a0064047b9cb0575e34bf,Chain
bb921cd2008a76b64e09c73115295f5aa55a27c7,78a6ef772c2d682010972ea361f099d2,Chain
2c9cfde711f74048c1a25999fc824329056c632b,e921376b95af7ae959fcfcd63182a457,Chain
6f534b59f4b51c10ddae9096f76633bee36bb238,e921376b95af7ae959fcfcd63182a457,Chain
9926d8b6c986dcfc9355ba6ac160893c4e027d13,8e055103c95093609014b5cc95551d44,Chain
bff8c925757009c2b0d295f0891c3eb27be78268,fc99af3c9d01566aa5ea262aeec223ef,Chain
16a4ff536001405f2b0d7ddafc79f6a10d024640,007170d9fd46f6d815491b3539a1dd94,Chain
bb271cb3953a37eda193ed3c1bedd68b400f955f,b3e252d60db5c480d8b8ab2637a3f119,Chain
a189f0456961b8cdc2b02a887fc21ac09c8b7ee3,73eacd744a3d56ccf89b515bb5701d20,Withdraw
d0303c13bf34e5648f729ec2b49c4633dd77f29f,16347ea7f8f50eb3926d2821e811cd3b,Handover
8bb91dc4614c204a9cdb64f8a4cd8ee1c46e76b9,027eafb5a7e54a1b9e327623457064de,Chain
74f5e9ad97bb720f74d5548387bf4da5352053ac,9afaf3ef4c6d470b3032fd9e03f06e32,Chain
02f8e82eef749e5b444600fdc14ab5ba52fba931,b5461877b46890b81c5edbe748553079,Chain
e16fe9cdca19e2975e40249c11c9c676d7f147f8,6d0f8520cfba540aee0d8dfd79169692,Chain
18842351112c698405940d90e0e2b76e86be3395,4c1da80be304b18f416f79922838e766,Chain
0f7466e713b582630504dd39a72f6e15d2d052a9,2b50522511553a07750b73885b6bbd94,Chain
8b4aa759d83ec43efba755fc27923e4a581bccc1,5637beba8493a6145d2cd850fdd09585,Handover
31e13882c45c1023d9b16c3794c1a780bb6cb88d,7a7ca1bc945e1f28327e3a7259bb478e,Chain
8527d9ffdc4947ee52c2717ff4ac01e3c06c71de,e355bc9239eeb6cd7e431b092a2e8519,Chain
926ec5905d4445701c2d3cc83567b4ffc490e037,4a2628114ecdd00bf5590c1e0f8490c4,Chain
f767fca8e65d03fe16d4e38810f5e5376c3372a8,d739fad614f6d7f2a1e308bee8ddd380,Chain
7d563bf7446cb63bb2e834a693c111e7200ee8b3,dcdc588c95a369e93f129bbba795edae,Chain
a1cabd4f0258c5bb68d58377f8c5831ab10d3621,ba7893ae3f2754c6d3f1c9563a713612,Withdraw
5c39aa14370d47f0bd5319758bab177cf4ead1cb,a5bb6c33608c2e799fcd9599c6b9fd35,Chain
ec2059feaf2d294c1ae3d5388346fe36f448e039,f41bb81ea07f3dfa064a539dc1a0607a,Chain
8ae568d934092188c97e9ddfec82a9a3b3856bb9,000dc63602d2998ccc6917e682b70cf2,Chain
aadcab6b005d3bbc025574d238b44588f3cd4ee2,171d74f40b366a7bf45746168a0e371a,Chain
f13f081e8072ede42835a2584d6ac8086323f93d,9d83f0de6767482186821205a3d522fe,Chain
cbfb33b01e265b60f46c21f2f9a96cf6276a5395,ce2d9c367012c21a37e1cf55c19e4485,Chain
cd8d76f230114ae20534fe9d8df7591a36f0196d,62c93c7986eb1c40cf618872f7a36cc9,Chain
49f053b866c33185fa1151e71fc80d5fe6b08a92,d0f4d01e33b1c2e4a8b564d6193955c2,Chain
8852db768551e89ac125f6a92450ef5e847a65e3,a1bdbd3b476f206ab2c535603083538a,Chain
4761c69d23dd79c2445d29f1aee15675cd8872ca,62c93c7986eb1c40cf618872f7a36cc9,Chain
7736b91aad941c9dac5e2a47e188b62830547226,e921376b95af7ae959fcfcd63182a457,Chain
87ecd3e05224001218b9435595fd6207a7d53080,4219cbf4c5bb51ad746c126aca5a84d7,Withdraw
1b43f7543164ead3dac0393aaebaaf3b35c459c2,df3fc5d63f5522d4e9a7b62eccbd58d4,Withdraw
fa0ccb7b23015e1afe28bf0dbd33a3448acf6f5d,2f12a5a45021bd0ac5db897c838d12e9,Chain
3d10bacf143389411b25fc3027cf3fcd9b2007d4,628a034eb6a4c69ce71654fe813f2582,Handover
3beaee5024d69bc95b123db476e647e37ac24108,62c93c7986eb1c40cf618872f7a36cc9,Chain
26f5211d271dfdc52a26a2ff6bfb3a6ce18a9e71,661bc6a7ad59530042052557c4556b23,Chain
f93be1f6c7336e78f4a3859a9d01f44595a82ab4,7c99300816acca8ba8eb0fb06aa38353,Chain
f4cae4aec9b4d7682f8cee4d9a273ba063e71366,aec7a21996f430f4266e77edcbe1760e,Chain
4bab4e253813b7c831b67d57f2b6589b9542fc41,cd162c903048743419cb4f2794ac8f53,Chain
58d94584f2c091449cdc4e3e40453101ec30dfe3,438b44248d793e975b083d7027cd0119,Chain
db44e089d0c7572cd707cceacb378dc09cfa8c30,8f1fcc06271eabf5ba373d429c727658,Chain
2c2e3baa2191cf325a28a01ff42340f2ae677572,7a7ca1bc945e1f28327e3a7259bb478e,Chain
33d865dce19c56e5dea800366c4f7394ce01a7f5,dcdc588c95a369e93f129bbba795edae,Chain
8da2dc4b3379844dbd98a19dc0a3292022fb1daa,4f18691e0edc93c56eefdffcfaa994f2,Chain
a6e33175e6f54bc591a982fe34bc201b0f9a0584,9e62b51082506233620564f0c70fff86,Chain
2cbe1c74b77bf46a61759f3ed107b3e2612feddd,933b8ee3758c1acfeed7b2d4d562bc96,Chain
b5409036f98c121b91f28dce7b855737c3aed5c7,e73c7353a3500af2b302d916b2edfbf6,Chain
92e5a69c506fd6bd5d7e6e834cd972d40dbddbe0,52d76823e70e256f6b2821207b34ed59,Chain
af0334bf30c401b7e3afafbac1dbcdc712be8b9e,538cdc8d1cbc20cf4fdc816f75a5efef,Chain
37005accab2a7807d8572902a172c2a325021910,62c93c7986eb1c40cf618872f7a36cc9,Chain
e4c5bd659c992f6481a252ae03590a30e1eadc95,661bc6a7ad59530042052557c4556b23,Chain
c33281d43bd23b6f8ec8880c663d7603b85cb383,e708cc5e7d6f6e6b2c1ec0b0bf428822,Chain
0f496210887e5e3f84b665a0c80adce26f533147,5a6bcd0b9a8171c7a2fb3b0cb05ca131,Chain
5708967f78126379c480c14747b95eb8e16a7090,ab7c98769ceb02698ca467becfd106c0,Chain
ee000e06880429a32847199a878dbfc0321e29cf,ab7c98769ceb02698ca467becfd106c0,Chain
13ee29c10efc7c488e4b8d46f00ea7b92baddc63,f54ffc93b4de97ec420d61b3e461fc62,Chain
833fe5e5a5f2de72f584f226f9d669e62bb6871f,d9499884a58aa62cb54c573887b3f3e6,Chain
62b01d0aeb16656aff7a7632c3a61c8b069a8928,a01c35fc55c2d2920124bcd349aa2faf,Chain
5e73b359215d5341cf1c4513f022e3c6faa8788f,76d3f992358f56527ce574962b1d5f6d,Chain
4afd2e7adcf3b1c8cfdfa7ba6877e634442474c2,84a54b0a89d817348d71573d6b7d1015,Withdraw
f5582fb582d768e661d2d50f7163b0e379b7c527,a6394f69dc7e50fdb0509f8889cd52f0,Chain
fbd5979c6410cd9998add986c450695af5a69309,0fda7ddb4c4eb0c3d30d39cc66ab52a9,Chain
8dbfccf2cbdc40811e0485f0450dba0b5fd02de8,a35bceb319e33112fb7f38c59c64ceee,Chain
96bbfd629e2a65ebad83d3b88c5fd766a0be3fc4,93ec1bd932e41530dad0b00c8f79502d,Chain
9a1f3e1fd6517de996000d04b2bc60ac9eb60352,90ea9b67b761a55ef9f12fe1683c29f7,Tree
b1c01985cdb5e9c4afcd7d6a2148632efc9dc260,84a54b0a89d817348d71573d6b7d1015,Withdraw
ebdb32b3a150ceb720b7e922d2f5d50aefa3700b,5fd49ada19397d91da763c95e4f7e42d,Chain
7e5ab88980fef8e5df952160a07d67760cc5f01d,037474e5d599b5cb9e7970b0c8e22827,Chain
002f61af60f131a4ba64ef90942013979973b476,1bcf3c77b2feca78c9b5c3f5ee6e623e,Chain
39d5432ac0074cc4fa0d6ae648a6c2c078946f17,5b9611bb37835d68f95ffc16dbb6186c,Chain
e4c1c33ed635263c61bf61db751b8a74ee3af0e4,4be5ba092946072da91715ae1c9b243d,Chain
699cfded25cf3c12d9448ddaeffb005b9eeddb24,f0fad194f3c5b0d93f117f7808ea0e63,Withdraw
f40dd5bdb1a0f96b0c41cc9ab4faab5c7796feba,07e20edde488b301992853dc0907d54d,Chain
4b067b7cfd7a5e864177b2dd11899cc20c52026a,bbe714671bc0aa65592e3eb0b87976ec,Handover
acbaddaaffc52d72576e5385593345279251aef5,75eca7132f9bbabed6bf7250b644f9a6,Chain
3ddd8c26d43f0f5daec19402865361acee4f87b8,1ed6d7ca5d8bbf3bdc46be4068789971,Chain
0f2b517448d69ec01dc324b559cbfa240176a3af,9f09e267f1ba605d55a676c4d7f63ab9,Chain
90eca657b13e25ef82eab8dc23435da4e08b6f16,cc04a623d7433208a41ff6647dc0914c,Chain
37b0d8b1299c1edf07a8ee4c5c1d245f17d56e3f,1f5eb970c81a462b511d3f2f5b69e052,Chain
c3766cc3ab5d3d05331395dca034ea6e778e322e,07e20edde488b301992853dc0907d54d,Chain
9ae601435c8daa915ea8123e9b51a067f9966929,caed818fa7d0c90438f571362e77d561,Chain
a38feb7b0aaad949a1b99ff516d4e3ea2e317bbf,682da4330a53b21e802add3403080657,Chain
017d4abee6a74ac4f0ba5a6fd95527827e69fec2,682da4330a53b21e802add3403080657,Chain
657c7739e165ad0b0a16ff6851f8587324b8a515,9764317381ab098e1779eeff6e993b16,Chain
a0e0f26b68fbe082a3adeb26717a89acf868e5fd,b1f0f7d7dd7e29c85d015ee52b3fb65d,Chain
23e2134cbdd5b80f16300454d72a523cb7d1a886,4768d03820c663191189d05e9a2e97a6,Chain
fc3efbd86cb79694eb8d24f8c58246bdd4b824aa,83274c70af44aa2da99f7dfb4fc695b6,Chain
59225aa6cc4e9ffc9fda31f38a62f8a6656ba5eb,7a5ece889d02616ffc68b3ea2ba46b56,Chain
43dbf4571dbdf96e7c9d87dc3e033239d01d637d,a4f36a75aaf2706c92129c8ffe0f8e22,Chain
2ba9d183adc45926ab849d5a9f3e5d5a1eaf0d85,fffdc4525fd1ca1c28678c549bb71771,Chain
41ced0249967fb4c585b10aae4956aed0cc20d17,fffdc4525fd1ca1c28678c549bb71771,Chain
846d85967e28871ba4a02828492cb1a025f5b7f2,fffdc4525fd1ca1c28678c549bb71771,Chain
9a686d2c66680dc165b9f9e8f16002245b2d3893,8f96b4f3892d4fef1109827c216583b4,Chain
e4d29b6d8b1b095f1e214106cf9111c4840e8ad1,9a6d3030df31bef54c9d219c287431e8,Chain
242de94557ead366b78b94c14adf582387cbccf6,c2d5db43ca7ecd0def310af85cf713b6,Chain
868fd2adc2ac1d29a51ab547ded4a838e1b60da4,53fef2d27e87462a2d9402a8c28a5120,Chain
4f795a4c2f14377f9fb60fbc456c034942bdbe64,fffdc4525fd1ca1c28678c549bb71771,Chain
feeb8a968f0d7fd58e29fbfc525051f50ee2fedc,5001de9babb7cab81d18fa9019630882,Tree
c26da5f38cbaf7641bdbd3d7ca5ee69cdff5115d,4b9593934b20fead443ddb708032577f,Chain
eb369589413bebcd8aa0edf4e365f19979556f37,7f563482948b5d97a239e9a15f555685,Chain
a1c36919fa9d91e9d6ed4e4f3d5822dcef6aa5c8,fcc996c729ce6aa25c9580b9595b3609,Chain
66307e74a625c7bca13c156bfd9a2c25800c9271,fffdc4525fd1ca1c28678c549bb71771,Chain
72d35ac82c5a865d1f4a92cf976baa3c0d1fdb12,7bb9ed1ca5300c52521ddb412e5f9eb1,Chain
7a54ed3107a03c516fab97a800878ef7e19f801a,fffdc4525fd1ca1c28678c549bb71771,Chain
2a3eb4a7b494ab6cdb9d0e247888f4b3b1527a0b,fffdc4525fd1ca1c28678c549bb71771,Chain
4d25e45788fa0fce4ca890294f1a862efedf86a6,38d7074cf3e58f0d5406005b5afb866c,Chain
3ec7829f9c875894d9e693b9b422eab0e917e38c,3d3799dbc4e3d5a820a23020c76f6aea,Chain
723dff0e27cc38b80556f5e05dfdbdcb721654d7,a9437686c2a4369a9eb3432c79a5a5ce,Chain
ef9976e8346d4ebe1cd43aea1060723917c9fef4,241a38d3178183196d262a2c44506ff8,Chain
0efd8d50d64b75359ccb57c00de182ecb5cae3c8,241a38d3178183196d262a2c44506ff8,Chain
f6646cbea7b18dd7c77756879bda42f70da3526f,7e8073c8aaf8bdc5937a0eff004f03cc,Chain
86f1554191d64a8994459da53856dd2666c19cc3,85a97df0b1ad2ff25cae6f2fff8911f2,Chain
68d8618d9b573b7f98b028a052a82f46c49f7ffc,7bb9ed1ca5300c52521ddb412e5f9eb1,Chain
a7827a793c236a0123d3553786f160da6905496d,644d8c018786b5f5c3d906304bdd04a6,Chain
50d998d0faf680b9cf44d6cfd9f7c3654056dcc5,b090ef29894f5a0895726ee574de9e01,Chain
f9a6bf913c6bb773e95e4b7319381425fe617083,1f255ccfa83612c5508c6a777f06c0b6,Chain
f9a6bf913c6bb773e95e4b7319381425fe617083,1f255ccfa83612c5508c6a777f06c0b6,Chain
f9a6bf913c6bb773e95e4b7319381425fe617083,1f255ccfa83612c5508c6a777f06c0b6,Chain
f9a6bf913c6bb773e95e4b7319381425fe617083,1f255ccfa83612c5508c6a777f06c0b6,Chain
079d8ebb4c82914cdbf8256b29c478e23d111cfa,d6b622a11e1aa617f8a36d1d1b4ac05d,Chain
640bd81d0a049a0419971086f9773bdee7294fc5,3c980c8c66a9b66e557e3bf3a2f9e60a,Chain
5b21ba38a0db91cc43aa7daba778979758e67991,617561623adeaed97b3baf3274dd4c44,Chain
816444ff07f18113a93b3dbaff86b72afe0f3968,f216d00437dabb0961f6ec3e5f67ce39,Chain
9aaf2034b8eb1496aef7ffbd0b5acd20c8ea802e,2d5b2f09240acb882b2944b615f20619,Chain
f77bc6f723cab1b1870876b0b9fd0546ee45736c,4d69d1b6cef51d4faad68921b3a1ea99,Chain
b7907469e0b80d56879c29ff1f16c76c3399aad0,46f750260c70bee0fc24399b592535a7,Handover
8bccc3d41d8070e86c0dbd376e0dac82d56e2447,46f750260c70bee0fc24399b592535a7,Handover
f7070fc72e2b92c6309785a39338d7c919a3cf4a,eaf9e084f791571d5e139199b2b96e20,Chain
34f033eeaa33a941d00859106642d57b8b538e74,b6b65cdc46c6c6ed774630f7bb9e00f2,Chain
ec3c0c8561a0a73422fa947f57a053a13352b0ca,e984df5aae2a1383f3defb8ca52d7ca0,Tree
eb17929774ad092a9d67b0a603312f56f9dfb3eb,1368bdea3c0abf5d1ea612af4292f868,Chain
805f39ffe57ad191b36a63e725daf5ef7e33cd8d,4d69d1b6cef51d4faad68921b3a1ea99,Chain
78eea8c9c350bab1bb82710ef2bbdbb34b58ac23,d8cb9697af25d0cb06ece1c9febb9583,Handover
37d6c8c37842ed97766eb1b4b4e17166571e49cd,4d69d1b6cef51d4faad68921b3a1ea99,Chain
53891ef3793d8534ad42312bcc77dfad51bb5f1c,32d9fefac0a0981b0b0bfc5f415a3e49,Chain
67946c4874de9f30edc1f0d41eb49f21f5e59c30,1368bdea3c0abf5d1ea612af4292f868,Chain
4caab071ace18198dbbb9500ba6686268858a274,4d69d1b6cef51d4faad68921b3a1ea99,Chain
9955ac32886656f0b110af5a1f02a9b5b8fa883d,25c7a346257f56d584710048b2992d6b,Chain
b0714df2422868f2007943ed87c152e5cefe287c,040cdab70f51e0ec9403612132b164ad,Chain
25cdfe617d58f348d10d8efc6d61032ed1e1ce7a,114a62ad824634a187de899f792505e1,Chain
59bbfbb2a233ad668c567d77b1bed06f160edc30,d7433425dbed15af8a33557c1b74e601,Chain
0f886fc85b4e7c15d091eac9c57a1f5e9c95e7d4,46f750260c70bee0fc24399b592535a7,Handover
59a51ec357444ced2cd72575e07d00bd9f18c4a0,4d69d1b6cef51d4faad68921b3a1ea99,Chain
a667d8019c50933b085fccd8df811ec42328a67a,8eff5c62538eb4301a13780253f92532,Chain
020522bf9b8ed6ff41e2fa6765a17e20e2767d64,442778533127f0c820ce49b38cc11618,Chain
fc67bd301a4c698b461e5e9f26eab60d230b77a4,d0612ae3552d7057129af470d50300db,Handover
0b8295f6d4fdbd0347ea93e1427de896a63b7def,4d69d1b6cef51d4faad68921b3a1ea99,Chain
a9fa83d31ff1cfd14b7f9d17f02e48dcfd9cb0cb,86e32444f72e7325fedf944f8c2c124c,Chain
32129ca362bd57826ed507f949284f73399adcb1,4d69d1b6cef51d4faad68921b3a1ea99,Chain
17be1c39912bc5051f3000eb1af9ed66850dcea6,49efe9e9571ea1fb19c6977edc01aa1f,Chain
26c4e381ffbdc825be9b986c3ba40525f0771e8d,ca8ae5862df34b62275fdddeb92715ec,Chain
c732811d4298d2981fb6e660ba8c269304f04d76,4d69d1b6cef51d4faad68921b3a1ea99,Chain
60acd43314d93f38507f3fd12e84225a5a099229,c5acc98132157c7879f3805f15da91cf,Chain
a13e4e3e655d41c571daf73789e9a766cac9f5c2,4d69d1b6cef51d4faad68921b3a1ea99,Chain
2b96efc474b9fb935951ca65f10d0cecdc480d57,f6284e9f3616e33911052020fe27d865,Chain
264e6e9de8e840958c5e983e651865c0ff314e50,4d69d1b6cef51d4faad68921b3a1ea99,Chain
4e7f5635aeaf93189ddf82989c575fd87c5b1176,97ec65a55dd35564b9cd516f1eca6662,Withdraw
a0b0b3060b826c0fd9c217ba82151b5f67f3c256,e6972fccdecb1585e525c99d0404d89e,Chain
5aced455101b8f948372e919afefc69091a05e07,f5b269bfdcdf29ad6f1156a63200fb0b,Chain
c543afe640c8c7521beb6549be75f77b568f4590,e784001c947a3257819df9323eeb2e8f,Chain
a26d706d0bc2920c95cb3104c362c0ba36b9be38,5f30fd2f7b8de17fb96a3626175daa1a,Chain
b62ea30ca55acc41f45df5ec8ac9489793e95561,a7a2dffb7041761d58902bbba537087c,Chain
753c3d68fe0a3102a033a7d2333c447b69f6c1ea,a333d6fbc62adff659d7ad8383422ef2,Chain
d54ee7c15c1f22323f45ec342edcb1397ab5cff6,8eff5c62538eb4301a13780253f92532,Chain
728033725e2d38af35e30b3f3c2e4874312e45f8,75ee44b1e38587b76d7d2f6210235b0b,Chain
1b2a2414f80bff80f76255aa11bf847a37b0d5be,b2c02e1b686157f9e58bb757d9a0c147,Chain
8c51a027c0e5e4cf1ffab811d98798cc76321fcc,11f8a076e051bc81c5f940f3e8fbbb5d,Chain
7448e6a1b5c45dec0ee2f8d92f63acb8990c5982,82fc4380fe27a2e67e566f69f5409b50,Chain
03f69791513022d8b67facf221b98243346df7cb,82fc4380fe27a2e67e566f69f5409b50,Chain
6dfaa563d04a77aff4c4ad2b17cf4c64d2983dc8,0469eb1fa8375cdaaeab5849d219f798,Withdraw
0abce3be0075d067e12da8d266de752e20ff9842,8535f7ab6a56fde68e427b687928c0ca,Handover
06e7e10d0d415d9393610ca9a6d814f559c71366,82fc4380fe27a2e67e566f69f5409b50,Chain
4ac680da2e3a9e7a96d1947ea7527cb13220f045,3f87e8e75e347ee8166d0575f9ad7116,Chain
a1c1983aa3599657a74cf5a563e880eedc57ae4f,8535f7ab6a56fde68e427b687928c0ca,Handover
f8f04b23dace12841343ecf0e06124354515cc42,5ffcdd2b747d6566e8d063a30e23ce2d,Chain
0b2bb48d7dca92a752737c6f6f73a77c770e7f06,9683a29893a5e89e58e8b2dac144dea2,Handover
d2df59cfcd5086264532936afde48a5312ce96bb,2e8819f0a1e08691dc28501e10720f10,Handover
265d4579db0930779b1d21bc6435d0fcdd86eeba,4d5845494a8c3b03cd5150990df8daa9,Handover
104bfefda519e16fcde4583c77a4f0eefb3bccc5,228d0850516c8f04b559b9a6b6dcff0f,Chain
6d8aeb55a5bfda9393de1301b995d3f733c5de85,5f30fd2f7b8de17fb96a3626175daa1a,Chain
7f21a3cc5d175704ec7c421d7c973bfb80f2c11b,5f7e88de63237601656f6918235deec3,Chain
33a72c80a362e4ce43f186fdfac234ada278bc87,d91084ee6f2788c5b8ac6feba5aeba95,Chain
11d907e7305c1076120af401dce8ac0d8bcde439,9fc1b9f687244cda76b437abfcaf87b5,Chain
b56e95aea830b0242be6a5d0239ed7f71408563b,8535f7ab6a56fde68e427b687928c0ca,Handover
a11728e75165dfc5cb83ec71ad3a63975efcd36d,9683a29893a5e89e58e8b2dac144dea2,Handover
07d6d954d9c84d1e817f87ef2f8ddf3afb9e54e6,cb7da7d9714572d008a3b52a4c9c172d,Chain
6761d0242baf264280e0f5d9f38a427098b6797f,cb7da7d9714572d008a3b52a4c9c172d,Chain
cdc0bf554e68f259b3c89a0345f5d9b0508de9fc,005f0243b3768159d2725585295f91ce,Chain
cf9f24db5ab564341c37b76324bdb9203280a83f,a7a2dffb7041761d58902bbba537087c,Chain
217d02629cf1d2977423060c4d7c9d1adb400e23,c0639359a7b1fceadb1e5ee2aa329a3c,Chain
d6893da3dd6dc91b4957d2d74737c6726f1033d5,a2bfea5bb33a49f15ac3f4e276822597,Chain
04950c94f4cbf9b3eb7b3ddd48e6aef176e3f73f,c1ea2e3595d6bd00055ada8a4cfab050,Handover
c00620ab53aed6268b5ea5fcb5ebfef0672f1b41,4dc56c70871e11eda385741f2cca5362,Chain
cf797c717267d833d948fe8f76742f05b8164491,97403bec93eecda99b6f7abe4928ce5e,Chain
08b4b138e3540e925a8da863e2ad71228235e7cb,1a709ff7d2cc7705bff74e0f3e35ce87,Chain
6e9fa09828f06c8067b9aecf7cb01cb5df944c2d,1a709ff7d2cc7705bff74e0f3e35ce87,Chain
f4bcaa08281bb5b3b303b8c3292d4df3e35264e4,1a709ff7d2cc7705bff74e0f3e35ce87,Chain
30c16da96ffa1eee79d8a9db23b7204fed75d549,29f79b7cb10cdfdf5a12483aa55dcc6b,Chain
45c175ba1562428059254082ce4ef91f618d19ad,1a709ff7d2cc7705bff74e0f3e35ce87,Chain
37c443249ed98c6d3871edf5c3a44f20dac2d940,1674bbe76ff80904b9b5e0046e79d0ac,Chain
e59005d47a26d56ea718cf61c9e2bcdd2f723f9a,22e09f30495377757122de13c47d9e26,Chain
1107bd232640434008b8ce1fd058837e141f754b,107e6685cc4ab4d7fa6a54caf9ed8346,Chain
0a17378002275b6b6fa25822415f517bc0fbba01,08de32a52fa07198e1eac045722e72b1,Chain
5a9ed5d071fe12995df281ea0fba21d7f1f76809,1a709ff7d2cc7705bff74e0f3e35ce87,Chain
7a984b7658978f5c7658dceb3d4343cdddc28462,1a709ff7d2cc7705bff74e0f3e35ce87,Chain
ba6284ca128d72b25f1353fadd06aa145d9095af,c4d067b9ba3c104af12acd999d1a7e58,Chain
7d56485e026d5d3881f778e99969d2b1f90c50af,97403bec93eecda99b6f7abe4928ce5e,Chain
a189fe8330db32eb73cb218ef4b87d808630a84c,20fd9a0ef8dc1df07d0fc172d5b091d7,Withdraw
2faa316fc4624ec39adc2ef7b5301124cfb68777,9eecb4155e494dd94fa26535247e4487,Chain
6197b2870c182d2384aeac1466f052a7812eda88,64b5f7ff67b5add478d6ebae1395cd25,Handover
1cad99dc4770146e95d17307a4df427c7c73827c,471b3619083ebc72f6c3d4ee0b3b6abe,Chain
89c2352cb600df56fe4bfb5882caadef3e96213f,26ad66c8068e54ec173fe100abb85b59,Chain
27c0afc960fbeab1c6bba6be3837d40e948b2250,107e6685cc4ab4d7fa6a54caf9ed8346,Chain
d614055c2f260658b5a69f383f6ba2c4866b93c1,c133a4f3a04230f209bf1b6ec8603dbe,Withdraw
6aeffc015c97de9b8008e437e76bef3a9e89e746,5fa49d2d649ab0200c817f318dfd20af,Chain
a745011b6e0e81b4dca6586d9ba3884664ec9637,d54fa3263916066be4c7ad60297371ce,Chain
e70b53938a11ac041d30494fcc65a660fac299b2,20fd9a0ef8dc1df07d0fc172d5b091d7,Withdraw
fbd6af12f2c88fdc69fee2fe0e161d0edf63926f,898b9f7a201be65be31ed4b7562f7a07,Chain
7bd83b818fb88239a8ece4c95837dc5746af32cc,2fc339bd7fac8e54d1631ec3d80b1e29,Chain
2cdb253c0e44a284f6174ae90b5ea247e6cf3649,0cda57fdcd133c6669eb4602cea077c3,Chain
be906537d65ed2d77c17fc8b7ebd4af5be7dab57,09971712a014ac3a29109db5eff44842,Chain
5aa4769f204f0b9e8d9c852377bf90fbe5bf2aeb,2ac44dc40bd45ac35169ed0e8514e52d,Chain
90101947063fc81f3430459ece984b32becef551,78bc890a3d9138d01d8785c6b3a7a7a3,Chain
ca847ec09dfbff38d679eecb03f59c69fdb152a9,550c6093c4af55d71f67fc160c2a9f4f,Handover
5ba0d60f45c3769afe2cdf7826946c8338494467,ea83d3c7c50ac70ce617d52caf8170a2,Chain
9a13ba2e38cd2041f483a0992967439e35cebee7,b0634afe4d63f10a9f89bbff4120151a,Chain
4364eff50d20ca13ec7ec6e9b0f7529a1f39df3c,c87d0eaba11bcb59cea2d924ecb6b89c,Chain
4f8f7698c192f9f86eddbe4132ecf72a9895b9cc,6c95a0f424310b37d1242ea72f155e02,Handover
69b787e9041d9fe4f46d133a834958c9e642d3a4,91638685e046b82018f9797886c954b7,Chain
2c3424977247a91f5373fe335ad7f77d50be2801,91638685e046b82018f9797886c954b7,Chain
980e79a7af177d98db557cf7bd82f64f089b291d,cf6707db7f6a67fa0dded77923c429d4,Handover
cdead671889f58725e30c2f4010fed9cb87353ac,91638685e046b82018f9797886c954b7,Chain
1c8c70478e92abc44843245bd6d88035236b4ed9,b43fe0c90759c32853eafd77dd80c4a8,Chain
0ad03236f64e8db6c42dfa096264c26ce57c87ea,984e92d9601574b791b6ff70b0e67f96,Chain
a871e6cf5657a0c14bda66c7a709ad0c42c42006,856fc67e5375009736227bcf925fcbfc,Chain
629b4a1dae038650bd849fb972b375861da41567,628a3b76996f60e517473d92ace613ea,Chain
e7198204b2286fdccc2da2676eaa3af4fd4903bc,3c218cf43d0a9d4376b1dbd13b9c40f3,Chain
a80aff4455a89667de2b892aa2b0af60aa5d2532,3c218cf43d0a9d4376b1dbd13b9c40f3,Chain
f40b50f05c68779141632436b839566fea1db616,72245b0d1060deabb05431c9237ef7d6,Handover
f227e9c244a35a718fbb8e197a665d27631830b1,3c218cf43d0a9d4376b1dbd13b9c40f3,Chain
e5ee348c0b8adfac509a01fffc76b56c75a22cbb,19cb4fa42104ebe2905f76fefc11a228,Withdraw
15f057cd3bd9416ecaebd91ca8b5864d6789bcf5,1a188efdc2de7af24dc3919ae51c4e45,Handover
c90233644d2eeb37a7ec641072c85ad272ef2feb,a060c6a86e896ca78b59109fc6541f3d,Chain
d54c641c2908ad42c8805e110c45785737f035fa,628a3b76996f60e517473d92ace613ea,Chain
83651a62b632c261442f396ad7202fe2a4995e3a,693c91e16c12e09ab6d932c7aa9bfcba,Chain
0475db744818f6f1a7224886a1b4927670790924,929eab6e0a1ce1a260c899e30acedec5,Handover
794512a134b4c111ea688d7b357a75d93810ace1,3700bc48a1ff323bdabe4fffa3b1a9ed,Chain
213d2b0498d7eef3151aa9af2e5c4eb8674ecce5,6d1c605caa9040ac0a23e7ef90b13663,Chain
36b5766f8f0b674a2b3dcb7df5fd7a5cb68c073b,84599e2c0ce631d268b38784d8edf064,Chain
517db2c4564e61744701a18543db577693bdebdf,3c218cf43d0a9d4376b1dbd13b9c40f3,Chain
db9b3f9c12e710517ac572378c6199bc3624b1ed,6d1c605caa9040ac0a23e7ef90b13663,Chain
7cb26a50face2fcc383303871a67c7b4b3769351,c1438eb9638fe10a9d4797a93802ad06,Chain
7271f8fdd7693dca37b40403080abe89ae740168,e88ac21b9b29ef743ef7445e27c59e4f,Chain
baa54d6e90c3f4d7ebec11bd180134c7ed8ebb52,e452a162830df6ae8d13db7e577c51c3,Chain
683c53084d997e6056c555f85f031f8317e26c2b,0c1a352b0f434202abcdae9e186dec70,Chain
abf58509da1d1fbfb80159032c17e38e185c58f3,eaf45da51a9e5054fb604b84cb4180d9,Chain
15247cf99b5870f54ea17e85e1af8667a58a6644,3c218cf43d0a9d4376b1dbd13b9c40f3,Chain
4c6aeb73b0f56f18971641ea954b5fc051415bca,ab1b72c57a826d25692beac7a21eb07d,Chain
6ab2c1f192491246887f3040e8ab31466eee54bb,90330c780ee750f9b96bc121be157c3a,Tree
03042094e77fb177ee0e87de9b52e2d5af816308,ab1b72c57a826d25692beac7a21eb07d,Chain
3d86cc838649b072510f3da56a31f30461cf66d2,77a3d1480bdb8e5bc298a1f00ba73a2c,Chain
ec1b67ae2ecc433de6f546b0c25e96df09c394d6,a96491972699045a5436a064c659668f,Chain
dcff74a8726b990c729250ba95b84cc990e754da,ef1dac336e34869fbcf9d2a46208b9b0,Handover
d6b955483656054a0754244400c8395d7630dd2a,f80fbbebe6942fabaeed87349aa4e462,Handover
3a1b67b57d923f73766db6649817200d8530e3a8,ab1b72c57a826d25692beac7a21eb07d,Chain
4d251a3e29ce29f5010450db089b5addaa4dc08d,3c218cf43d0a9d4376b1dbd13b9c40f3,Chain
11765d5753943fd9a764b8d773319fcfe864b021,a96491972699045a5436a064c659668f,Chain
a77083ae772ea55055853b1b5512523f589f8686,386d4b962fe253c5d57e0cdc3d9a56ac,Chain
4a20047eea10806907c66da915978c11eccb015f,40c2ef48f70594b8e998951ee2b7f518,Chain
16763b12843b0cf54cdecea10e79f10bf78762cb,386d4b962fe253c5d57e0cdc3d9a56ac,Chain
345ac0c516891f3c0ee7a319b636364982851222,3c218cf43d0a9d4376b1dbd13b9c40f3,Chain
15e7d03bc9e48e2b2fcbc3f4059be7f9192d1a2e,3c218cf43d0a9d4376b1dbd13b9c40f3,Chain
94bb6035aab9e3fc1cec13f25b5223ebc298d089,3c218cf43d0a9d4376b1dbd13b9c40f3,Chain
d96d1947b7758271c4b0621d90808825121bf329,25b2212c4dae5ea301b4e406b9c883b5,Handover
ccc249677c4e60f86a5c9db0436a15e12562f7ba,a96491972699045a5436a064c659668f,Chain
c6645d6c197f2d634822f08da5809065bad03785,3c218cf43d0a9d4376b1dbd13b9c40f3,Chain
020e13faf0955efef0ac9cd4d2c64c513ffcbdec,6c95a0f424310b37d1242ea72f155e02,Handover
d085acfc0fdaa418e03e8570ef9a4e25a0e14ecf,3c218cf43d0a9d4376b1dbd13b9c40f3,Chain
b598a3b241d889b486281967805165b3cff4e43d,3c218cf43d0a9d4376b1dbd13b9c40f3,Chain
fa795c9072a786ae5a2f909ef53f7c6276aa6a52,3c218cf43d0a9d4376b1dbd13b9c40f3,Chain
cad29d8164328b4db1f6a5fe93e01d4ddd80f93a,327217063b50da2b8ecc9a70c923bb84,Chain
8b7810d04a7c03473a0059fe6d35f9c6b6188798,327217063b50da2b8ecc9a70c923bb84,Chain
6c9aed661eaa8ac57d8e0c611dcb06d343a11261,e283e62f49619df979d5bbab12fb3f68,Chain
c07021b1875e2c4a885e73ad43557c7e40d63556,d9798e47105fec25069a38ab2e46bc81,Chain
88acc7101d390d33f26e6f4324b575ea8070aad1,b3c714afad8645595d254a22257b7714,Chain
c8b208cb52d2f70c279c7cd6f86b4b6887b8f10d,386f06038c71ee83496b560a54c8a705,Chain
be207a22b2dcabb7aad232d8f631cbeda56e379d,9fba0f34dcb04f86cb143907e91dc61b,Chain
a782e28a912ef9c44cbf827f8a3fefc3a8cb85e0,c71ce5859e03dd6a19f1b41fc4df0dd4,Withdraw
05240da139d30034eaae15737610bfbe68b97910,c71ce5859e03dd6a19f1b41fc4df0dd4,Withdraw
7aec479db998766490ce1a18d70ee2d0be94dab1,4ff94f41abbc4bc70ff98bc4cca8f140,Chain
6a8ce2794a7533dbc493771fd5c3a1a36b40cda3,960c95c7ef5f5aeef45a06a712408f04,Chain
ee9a3f089ac2a42f1382ddf67c66243737147d4f,4a3428994d8b63584e2a4b0007b16837,Chain
8ea6c8077d6316b46e449aec8fb60a606cf50eea,d6233b9a95391e9ddcca22fb21943351,Chain
e30fd06aaad80449ef1a2ef5ea9bebfc6bf53d9a,0aa4253987256479b9db86b4e3be431f,Chain
a48bb4d1baff077e9c45dab5d70db59537e8ab79,b2d40196d10d93895022ab2019b5559a,Chain
243ce58ad1d2996399b0c110f013901d2f50243f,ffab781d13cbe3135e1410fbeb8f4b9a,Chain
e227d0135ed6aeca405b17ababcf7c7534312081,29444f0bf265e98aa49db950fc6bdc4f,Chain
ecff67d36188c73d07556e4da2091c8d2f8f4f4c,c55be0661d7d8af691d63a3f3b8cce14,Chain
1d0f2332f8c5800fbf344dc4e86ddf97c52b7b67,087ddd1f16b63b66db2ad70bbc8a6396,Chain
30d1b797365f936300055a704a902124467b8b14,65baa38e3ac1886eebc9528e4bfa0d73,Chain
f1eab15ba4f220244ab2fed080191a9c7b6467fc,1817afe2a1bc745b2ba1b13a968927b2,Chain
0093cdd1ad5e2b8e8990213c9d3d832ec83e453d,e4454d8365e403476cbeded0b1353bbc,Chain
43bbc7fafb860d974037b8f7dd06b6f6fe799b3e,a25323ad38232e7a08630a3496a861be,Chain
9aae83f7b70cddf2dc52bff059c473a19de820f9,8ccd5ba76cb0b20ed171efe709f89a86,Chain
a049d7277e9978c66eebe35654366e7fd346654d,8ccd5ba76cb0b20ed171efe709f89a86,Chain
ceae89ea52b05e3207464fe45a334e687bcb0c9a,8ccd5ba76cb0b20ed171efe709f89a86,Chain
cc9f2c74ea74c666dcd6271868e6d3db60573877,8ccd5ba76cb0b20ed171efe709f89a86,Chain
adc5c669aa3abcbaf54d703c03625d6b3a30ec55,8ccd5ba76cb0b20ed171efe709f89a86,Chain
0575919a3e09bcb06d7652e103b28c04f9cc30e1,8ccd5ba76cb0b20ed171efe709f89a86,Chain
2742a7d469e34e277d6c306b2cb14a361c1ba254,8ccd5ba76cb0b20ed171efe709f89a86,Chain
1f8ce6c0f494633cd69adaf4d5b5f25546403cb8,d6284248f71eee0dfe8848b7bca5fac7,Chain
4b4d5fad61dc70edaac3b33b102613d6a24ff29b,8ccd5ba76cb0b20ed171efe709f89a86,Chain
6aa5267bbb2badd94dcabd7016e148df32dd9b7d,d6284248f71eee0dfe8848b7bca5fac7,Chain
4f93055ce7ca81631b217e638000f3d59ba416fe,ff848fe4dfd755fd3e8c5fc72f27c4f3,Chain
4e88419be4e8643d98b15f8b6cf9cf3f6ef1fbfd,8b2dad756f02656e80485f9dfab8aaa3,Chain
d1b970d753b8385ec8ba699d925fbc9f02d813e1,f0696acc769e42d82dad53cedf979659,Chain
5bd7b9cd17cee4d2fae01d9695e83098cf409488,6a6d74a8622eee35f6f66c247210e045,Chain
8bbeaeb0ec46bb71356d44c2d3121a35172662be,fa9f19285ca5040f76a3948c15eb1956,Chain
3ed65a7b85ca89717e5fc24a46754e706ea72aa4,6a6d74a8622eee35f6f66c247210e045,Chain
3d661074d6c8828b0d22aa3534fee55bcc134fcf,7e31767c73662ff01c0ead3b856d0ddc,Handover
7471fb59dc79d3b5431c50695300fb56bf25b764,308935cac07d7ca966d89c5373232ca5,Chain
fdc70cfb614535c6818647bd85d8da4008819c5f,3eb53a4ab06055dd3a7f0430213f199c,Chain
04a45538b62f8536476088169cffe6c25ea5e41a,107d96ed1d7f18722ec6f66e48fac79b,Handover
b435a693f4d453a72a3a094ed3f8e4cb721f66c2,694aa817e7a70de68a4e83ddda095b8c,Handover
36653866f772a4d529ad9dc774b6f83e93e7de37,90ccb575b52f57a091670c5427eaa181,Chain
baa9cb947814a882531b854a973070012fa3daa5,a05d786fce9861139ddbd0199f266cbf,Handover
09c2907840d00328e53b5960ccf9c43c67a7b7f7,a05d786fce9861139ddbd0199f266cbf,Handover
7c6675f4efd5ad98cca79172f4f7b49612342f5c,90ccb575b52f57a091670c5427eaa181,Chain
1ff3f56609d0771abb49566600febade0e708beb,9d6abdbcde33f2330bfdc41e13b5c063,Chain
116d0d500cb7c237fc777650149e3af07910ad0b,a05d786fce9861139ddbd0199f266cbf,Handover
8db67144e0cb5b43815c204350bc23cad159f11a,a05d786fce9861139ddbd0199f266cbf,Handover
7de8333287e0f40899f19b15b120347423e2ce0b,90ccb575b52f57a091670c5427eaa181,Chain
007d42b9192b8c087b0d3e6ef73aae48e74b41c1,32fcbf99784ff1a8f0dbca63fb5d01b7,Chain
a2fc84d1eddb24fa9edce09111814ec9117af0d9,a05d786fce9861139ddbd0199f266cbf,Handover
adcdf3dca5ac6a25e407e0b4e42a601ebba5bff9,a05d786fce9861139ddbd0199f266cbf,Handover
67cc663b2e196a0bf13e1de0b114d2bb2284e116,a05d786fce9861139ddbd0199f266cbf,Handover
b3824424bf1907eeb939be8190ca7acce79f7207,a05d786fce9861139ddbd0199f266cbf,Handover
08b1da7ae109ec250edb42ce20106f171766ed6c,c21c9a4773106354069efdd953dfc38d,Chain
facf38157f43af121d38ab7b82552df3cec69ab9,6b3747565eddf3b6fb5a51d1a00a22f5,Chain
1ac1c4c67181bb4d3c0a7d9dd2cda5d9692a364d,faabc5d37a9e304ead2babb4e3015d95,Chain
6d5bb435a0b3b6e45a15f7ed86a2f600b4129906,b35b0db13415c520b6f34b144789ab96,Chain
942e3dd052c4d29891f44609b343343b7b21b999,b71b3ef046fe8c2fdf38db81351d2946,Chain
ed41e841ed150f8fb1febc8c443a113c1cd95a1d,f327793981cd262ebade478fa4d95bc7,Chain
a7da9eb94ed9062c84f6c1880500d4e1d9bd3374,b71b3ef046fe8c2fdf38db81351d2946,Chain
70e2475b7da322d4a379e43cd7495c63c055192a,ff595f261c3f9a42507cc04d311c07d6,Chain
109c4f2ccc82c4d77bde15f306707320294aea3f,1b2e711909289c483e7cf73bf3c61863,Chain
a0b5d0a735cc3b757d35ca95896ba7cfdf814b03,2cd46c41ef1556c0bdc1891dbf083a43,Chain
9559827c6723f8830c0e6979d319dd9852f0107e,08d69d5e4a58d9df6273f88815e068f4,Chain
d6977ef977aba2f9a0c7c82cb7bb3707cd48aea6,1b2e711909289c483e7cf73bf3c61863,Chain
f5811b7f2c7d934711c1d35f49fbf8566c74618a,8d5b6a1f92076d78e69d19cb87cb4f9a,Chain
6140d98c1bf9206488fc3428e2dc5496b0a23d84,da18002e2ebec723617ed03e79514dba,Chain
206c0b6731c1ec260fd52a4641d487fab3dec3df,a05d786fce9861139ddbd0199f266cbf,Handover
a46f385e79c13449ffad2ab75073d7a616626d7d,a05d786fce9861139ddbd0199f266cbf,Handover
b0ceaa9cc523332cbef9fc606221cc0bc2d0872d,81c8119945ec1bdb49bf23a9060cec83,Handover
66b52f3cab45ac1d210579f295b8c1be08275f43,684498337771a88a12838428b6ff6c8d,Chain
23a9d27bc2fb25aa08d597f0eb19d5a711904767,684498337771a88a12838428b6ff6c8d,Chain
adf3b972af7d90546f7fd88ba0eca767be8add65,684498337771a88a12838428b6ff6c8d,Chain
e709c6c933bda30963274d5bdd1e556c655c59fe,22a24f4ef4b615325235d02f0ca911c6,Chain
5523ea886ebb43d7e1fed8e7e57a6444891986c7,a5528bd415782443d641802a3445be98,Handover
b48dd62e1455ecf4237d490578da90194ebc17b6,3cf8834f1c0bdb358e9956414d257845,Handover
3e28295c508855924b8e5062db06cf851d2331d6,ec5537c877d0dc7ad3566f463e51d23a,Handover
803bf2b1168926251902e03c965a2617ba1c91a1,90a5931a881196bdd167f59a28980f50,Handover
2df5be73b0bf30e1dcb65460ee7e6f6617d709ef,3925275b9e0b330e5664f5bbbb930b43,Withdraw
bebc55c70663c6a3edd616f5695e819adbc30e42,fb91f3e2e31fe8d5f07388a9d1803f45,Chain
e55d618856df833c63fbe3fa940fbb69a3137e05,056cad1bcceef4ca6d920b772bb38fd3,Chain
a2c510d23d1245637acc6c63e4f60ec8817bbfb4,2c51e82a537766985c34f5a7129df550,Chain
712e0ebb9f6794985206f55b58c0998939a6235d,7dd96d26d4088b65e670c7f4156b738c,Chain
0217495d71d7246205bc1b1039dad814d0c0c192,c26f5a3470000ab410133cee7ddc3202,Chain
caa940073368a4537b38419f5ec5ba9cccd81b6c,d1306067becf007451b2401812345f32,Chain
18a6fdb9c65ecaeb3f81b3030b34f69c8661ad20,77d829643d480bcf8e4bf69922920f41,Chain
9f53cdb4ea5b205a2fcd079f54af7196b1288938,af867536716e6819de656e4a0e83bbd6,Withdraw
fa1d6558c2d151c0eb05fc5741cf753f79b5babb,8869ac35891013a46bc70de3c88d3c38,Chain
bd9ce8003bee86c0f33ddb5607c6e9407aa89232,16292a6db248f3ea4890870b935f1256,Chain
0ab2bc85dc1a71072e8cc5b6216a307587dfe855,fecba064d7c070c27486917de13fad97,Handover
dc8fd6abd32fd9d0dc74e6947aca082658adeb3d,fecba064d7c070c27486917de13fad97,Handover
8ea0469e13d6dd23fb163f428fb1cea9cd4294e8,4b09debb74317b90f66392f7ed81e446,Chain
adb74ec811e10d04e62304d7193b9f3aef1e07c5,2496bad59d84b46ce46a66377697913a,Handover
7fef9e225a94a3d841086ebf686932620e838a75,d398c8deca8e4fe12f9a785461872fbb,Chain
a3e567bada81f6efdce737745190e2ee589a58da,8bcbdf25746d82a4b06e108740071aaa,Handover
a9d160e32ad37ac6f2b8231e4efe14d35abb576e,5c2dcf25fcc42a79ae98c3312a8a601f,Handover
037b5ca91778e8c1289988aec0b15136a5d2cf9e,f181a5bd2f0df0b2a3fedecf5e7127a3,Tree
67b15587cc7f15390f568498c1a852c4c795e1cf,4a9eeea597935f3ddc6de74870d6d5b2,Chain
219b32be3c23a71ff7b82bb4fadc73dd43062d2e,81e7c57cbc72d93de01c2af60e31f0ce,Chain
8cc8befd79f42f853718ac7f60c1d1768a2e6262,81e7c57cbc72d93de01c2af60e31f0ce,Chain
f2b388dc7c9bc0011b6898e11865dbf0dc5a01dc,bcd31881f0776c14e2ee81615cf9b908,Chain
f87b58c64ca7dd7fc4e5a4526ee92c88e181e729,c34673ed7725e967214ced8fad036fe4,Chain
cebbfe09bab5493714a42de8c3a58fd385ce9c03,a7004a4ce3521dc2597b7df0b2af9443,Chain
84be64aea04d10919e763170f4ca1b904beee02f,e26dcb0135535f7f886737540ae52e24,Chain
ab419f94362e2569693a1c3bbe3b12463b38d01b,6fc8d7623e0743876f1d2971a959bd37,Chain
c2addd4725cd7bc2c82bd301be480db6e1603094,415af4e11adb657a5458c8a971763506,Chain
992a2a70967265f1e87965d2e74a529d1b74178e,ab81196decb43a6e49abccb17c39c709,Chain
a8e176c4e1d564afadb5628c4e885f6359d46d4d,b060d011365734264ebd08c53a80109d,Chain
43e49c79172a1be3ebb4240da727c0da0fa5d233,072ee3b82a4c0102e40ce4b955733aa7,Chain
7fd022cc8b6e019260627fafa1d9c3afece18cef,412a358bbb1c2891aae69b6e1feca6fa,Withdraw
8de835efbc0e7110a72451dcc4d06e70cbe599ee,da6baeb0541623cb93d52031ec080a39,Withdraw
1330add1cf2d9f7f4fe83cc8b18e36745aa22156,da6baeb0541623cb93d52031ec080a39,Withdraw
38db55705f5f48280af6aa32bc7a738fda790712,b60b6375661759661022c7f4d9f4b573,Chain
21c653f72ee09bb2c1246b31520dec7f0b58b7da,8697be912cb6fbdfcfad760ea6c41ad9,Chain
017bc6ceadee1223026a6bb9b6dcdb43f8173abe,da6baeb0541623cb93d52031ec080a39,Withdraw
18a672e11d637fffadccc99b152f4895da069601,da6baeb0541623cb93d52031ec080a39,Withdraw
e809428b87796a0e1786c9443d2c042afad5b95e,8697be912cb6fbdfcfad760ea6c41ad9,Chain
2df0e612dad9ffe8141b3987f60608742db2feca,33847f58a6f50ff5716f21a2fd6d2f85,Chain
