address,create_time,nbr_tx_in,nbr_tx_out,Tot_in,Tot_out,mean_in,mean_out,sdev_in,sdev_out,gini_in,gini_out,avg_time_btw_tx,lifetime
0x0093cdd1ad5e2b8e8990213c9d3d832ec83e453d,2016-04-13T02:57:34,0,0,0.0,0.0,0,0,0,0,0,0,0,0
0x01680dc54cf0942bcabc1d6c955007e180ed4dd1,2020-02-17T00:29:32,8,0,1.4e+17,0.0,1.75e+16,0,1.3919410907075054e+16,0,0.4107142857142857,0,1155.125,9241
0x017d4abee6a74ac4f0ba5a6fd95527827e69fec2,2018-10-28T04:01:43,0,0,0.0,0.0,0,0,0,0,0,0,0,0
0xa38feb7b0aaad949a1b99ff516d4e3ea2e317bbf,2018-10-28T04:01:51,59,0,2.6613e+19,0.0,4.510677966101695e+17,0,1.2526958920620294e+17,0,0.09482303474725938,0,209.94915254237287,12387
0x020522bf9b8ed6ff41e2fa6765a17e20e2767d64,2015-08-10T03:53:32,27,58,2.40000001e+21,2e+21,8.888888925925925e+19,3.4482758620689654e+19,3.142696700516988e+19,2.832691043925705e+19,0.11111110725308643,0.3922413793103448,816557.9411764706,69407425
0x020e0638aa7d98b40d2a3a7ebd37ebdfc5cba2fd,2018-02-11T11:12:10,752,0,3.3015761788608877e+19,0.0,4.390393854868202e+16,0,7.380687120079832e+16,0,0.6427239202577089,0,4341.158244680851,3264551
0x0217495d71d7246205bc1b1039dad814d0c0c192,2018-11-01T00:08:22,158,0,8.629498840474735e+19,0.0,5.4617081268827437e+17,0,1.0336298831524768e+18,0,0.7426544113748983,0,521.7911392405064,82443
0x02f8e82eef749e5b444600fdc14ab5ba52fba931,2016-04-13T02:18:43,0,0,0.0,0.0,0,0,0,0,0,0,0,0
0x032747313c4e914b5fce356ab8dc4df551972dcd,2016-06-18T03:38:47,40,2,1e+18,1e+18,2.5e+16,5e+17,1.5612494995995997e+17,4.99999999999999e+17,0.975,0.499999999999999,244955.52380952382,10288132
0x0389a06b028526b05966c287370bebefa0082176,2016-04-11T08:20:20,205,1,7.1e+16,2.1e+16,346341463414634.1,2.1e+16,3626736594023218.5,0.0,0.9908622466506355,0.0,78350.26213592233,16140154
0x039f5f6e0a32c775ea40cd9971c940edb2710283,2019-11-04T17:14:21,19,0,3.97e+19,0.0,2.0894736842105262e+18,0,4.575782330216114e+18,0,0.8004772636881877,0,14043.947368421053,266835
0x03f69791513022d8b67facf221b98243346df7cb,2018-10-30T00:55:01,41,0,8.23149496445e+19,0.0,2.0076816986463414e+18,0,1.8339244842507802e+18,0,0.5068113175150276,0,93.48780487804878,3833
0x0533a254a147e69264a1ebe78e755adf182c3ef6,2018-02-13T18:09:05,0,0,0.0,0.0,0,0,0,0,0,0,0,0
0x155b45e289cd45e7e4c4da8d99cd7293ff2f95c3,2018-02-10T19:22:14,0,0,0.0,0.0,0,0,0,0,0,0,0,0
0x05795123ae36f650bd42c8e5bf6c6e48258fa804,2018-06-30T02:38:34,0,0,0.0,0.0,0,0,0,0,0,0,0,0
0x05914192cbbaae87a910f79e012b4091a39cc85c,2018-06-13T21:19:53,78,0,4.46025e+18,0.0,5.71826923076923e+16,0,1.2364009645112618e+17,0,0.7985221306727948,0,39412.833333333336,3074201
0x05d7c87cf85de4103635ec585b1e36cf240837b4,2018-10-29T05:33:03,136,0,9.693e+19,0.0,7.127205882352941e+17,0,3.878873148066192e+17,0,0.28211004302680526,0,2917.3529411764707,396760
0x05f45ce533d1cefabd0f9df5481d9e63a7d102f6,2017-09-06T04:26:41,0,0,0.0,0.0,0,0,0,0,0,0,0,0
0x073d7a1d115181ae857614650ddea925cc499a72,2018-10-31T01:19:36,4,0,3.21e+18,0.0,8.025e+17,0,1.2716205212247875e+18,0,0.7172897196261683,0,54.25,217
0x08b1da7ae109ec250edb42ce20106f171766ed6c,2016-04-07T16:43:55,0,0,0.0,0.0,0,0,0,0,0,0,0,0
0x09fb74b90604b36cb468a7cc8b8ebd4a215db836,2018-09-05T14:24:11,0,0,0.0,0.0,0,0,0,0,0,0,0,0
0x0ad03236f64e8db6c42dfa096264c26ce57c87ea,2018-10-28T01:20:34,84,0,8.77964231e+18,0.0,1.045195513095238e+17,0,7.206365604651398e+16,0,0.11329007923742973,0,1059.7261904761904,89017
0x0c73ad49b9824dfe59e6b0abd0d0fe26c6f268cd,2019-04-17T19:40:24,0,0,0.0,0.0,0,0,0,0,0,0,0,0
0x0d35e5b6b91254fb405e620448c8760fd10614ae,2018-10-30T23:01:47,28,0,1.79578560896581e+19,0.0,6.41352003202075e+17,0,6.831611797038396e+17,0,0.5290131117717372,0,304.4642857142857,8525
0x0ec3cd77dbc5b512b5f9e45578813e1dbbcda719,2016-03-01T00:14:23,4,2,4e+16,2.02e+16,1e+16,1.01e+16,1.2247448713915892e+16,500000000000000.0,0.625,0.024752475247524754,9949.0,59694
0x0efd8d50d64b75359ccb57c00de182ecb5cae3c8,2018-11-02T23:52:24,0,0,0.0,0.0,0,0,0,0,0,0,0,0
0x0f496210887e5e3f84b665a0c80adce26f533147,2018-11-02T03:18:39,0,0,0.0,0.0,0,0,0,0,0,0,0,0
0x0f7466e713b582630504dd39a72f6e15d2d052a9,2018-10-27T23:43:49,4,0,4e+16,0.0,1e+16,0,7071067811865475.0,0,0.375,0,4494.25,17977
0x104bfefda519e16fcde4583c77a4f0eefb3bccc5,2018-10-31T00:48:13,0,0,0.0,0.0,0,0,0,0,0,0,0,0
0x109c4f2ccc82c4d77bde15f306707320294aea3f,2015-08-08T05:03:30,210,3802,5.0810000000011e+20,1.7734221608966132e+21,2.419523809524333e+18,4.6644454521215494e+17,1.1765293988268333e+19,9.791618939698415e+17,0.6082651521538154,0.6339060855018798,17362.40752741775,69657979
0xd6977ef977aba2f9a0c7c82cb7bb3707cd48aea6,2015-09-09T05:29:59,0,0,0.0,0.0,0,0,0,0,0,0,0,0
0x10a7ef95e87e3d80a14c152ecb0ee6cf603dce15,2018-04-17T22:57:42,0,0,0.0,0.0,0,0,0,0,0,0,0,0
0x11765d5753943fd9a764b8d773319fcfe864b021,2017-03-22T14:18:59,30,0,1.085e+18,0.0,3.6166666666666664e+16,0,2.3052235370036364e+16,0,0.3040552995391705,0,1056.2,31686
0x124374f24bff86cf043e31344077ece93bd46b57,2018-03-13T22:11:23,20,0,9.003112182617187e+16,0.0,4501556091308593.5,0,7523363001059306.0,0,0.7250433521828354,0,6011.45,120229
0x12905fa36a703d6ef75cb2198f9165192b0c5ae5,2016-04-10T22:35:36,208,3,1.81e+18,1.61e+18,8701923076923077.0,5.366666666666667e+17,6.80903500176974e+16,7.190477241669217e+17,0.9848331916702082,0.6390614216701173,76659.89573459716,16175238
0x13ddd5c273a027608a42727a46f8250011645166,2018-03-02T05:48:47,193,0,5.836674266482728e+19,0.0,3.0241835577630714e+17,0,6.017257001174785e+17,0,0.7138601286169,0,11265.948186528498,2174328
0x146fb1682050e04d951fa84ee35bfec8a16195cb,2018-11-26T18:29:11,51,0,1.3908075421459968e+18,0.0,2.727073612050974e+16,0,2.50882167495228e+16,0,0.4725805831035319,0,291.37254901960785,14860
0x566ff5fb4e41a1a5d0dab025be83bbaea87bb7bf,2018-12-03T17:58:45,35,0,3.259348633256e+18,0.0,9.312424666445714e+16,0,1.5378559885365434e+17,0,0.6466397240757794,0,327.42857142857144,11460
0x169e429a4d9b7bed90f75198f12266f06c0fb8bc,2018-12-27T04:03:18,21,0,2e+16,0.0,952380952380952.4,0,2103878288988050.2,0,0.7333333333333333,0,148772.0,3124212
0x16a4ff536001405f2b0d7ddafc79f6a10d024640,2016-04-05T07:21:40,21,16,1.62180001e+20,1.6e+20,7.722857190476191e+18,1e+19,3.1528431094256983e+18,0.0,0.1428571372783915,0.0,1755655.2162162163,64959243
0x174650d5ee33a1292cccf5d3fd1c0684a1b7419b,2016-03-10T21:46:08,4,1,2.5e+18,2.5e+18,6.25e+17,2.5e+18,6.49519052838329e+17,0.0,0.55,0.0,186.4,932
0xe61953e8c1b4d5eeec29d79f95aa232e8ec537be,2016-03-10T21:20:45,17,3,3.35177e+18,3e+18,1.971629411764706e+17,1e+18,3.7289596889851366e+17,0.0,0.776886101794504,0.0,70.5,1410
0x17d0582dee50a5401bb8f65ac29ec2da50c670ea,2018-11-28T19:20:10,205,0,3.126263000000004e+18,0.0,1.5250063414634166e+16,0,7.38407362566079e+16,0,0.8320855985284009,0,324187.4585365854,66458429
0x194dd7c558d18e48ba0c35be5c40ec10d8001fda,2018-11-08T17:38:38,3,0,3000000000000000.0,0.0,1000000000000000.0,0,816496580927726.0,0,0.4444444444444444,0,29847.0,89541
0x19b115365671a818ed62aa326d91e6e4713f8900,2018-10-27T06:10:12,27,0,1.506e+19,0.0,5.577777777777778e+17,0,6.935381285859265e+17,0,0.622940337415769,0,23807.925925925927,642814
0x1ac1c4c67181bb4d3c0a7d9dd2cda5d9692a364d,2018-10-28T00:40:02,0,0,0.0,0.0,0,0,0,0,0,0,0,0
0x1b05e6557768650c0df0c9377c32c621ac1ccf17,2018-01-14T11:33:20,441,0,7.105458094215168e+18,0.0,1.6112149873503782e+16,0,4.324842877597203e+16,0,0.8831404857575733,0,990.3401360544218,436740
0x1b442a27fc37b5527ecd5c5ead301dac1638810d,2018-01-24T04:34:35,22,0,6.7e+17,0.0,3.0454545454545456e+16,0,6.1911760722034696e+16,0,0.8092265943012211,0,62362.36363636364,1371972
0x20041df9e7359c2d04e22322d5fabd04783da436,2018-01-24T04:34:50,10,0,5.59e+17,0.0,5.59e+16,0,1.501655419861694e+17,0,0.8552772808586762,0,137199.9,1371999
0x1c43991f89a000a803e0443d68a26684cde6dc2f,2018-02-10T15:32:51,9,0,2.8e+16,0.0,3111111111111111.0,0,1662958838566196.2,0,0.2222222222222222,0,9775.444444444445,87979
0x69a5e3ed619ef8e974a509429b0640814a2e0602,2018-02-13T04:35:20,5,0,1.6e+16,0.0,3200000000000000.0,0,1600000000000000.0,0,0.2,0,155296.4,776482
0xb7438d9e851aaff3a86a8bdb060285872a32f558,2018-02-13T00:05:54,10,0,2e+16,0.0,2000000000000000.0,0,1264911064067351.8,0,0.32,0,124144.8,1241448
0xc677f49cf449421ffd246e4d33e69e49b1183e4b,2018-02-12T15:34:05,8,0,2e+16,0.0,2500000000000000.0,0,1936491673103708.5,0,0.375,0,42972.5,343780
0x73b6e33895b7095587412cdf9b6e3d0af472f3bd,2018-02-11T08:34:08,7,0,2e+16,0.0,2857142857142857.0,0,1807015805810502.5,0,0.2857142857142857,0,15687.0,109809
0xd907bd07813ba91a9143e7c98340e53755d575a5,2018-02-09T14:05:57,8,0,2e+16,0.0,2500000000000000.0,0,1936491673103708.5,0,0.375,0,11221.125,89769
0xde22069cad238979bd436d5ea0d60475e5e7af06,2018-02-08T09:34:15,13,0,6e+16,0.0,4615384615384615.0,0,4666384888647108.0,0,0.358974358974359,0,8152.461538461538,105982
0x1cad99dc4770146e95d17307a4df427c7c73827c,2017-03-20T12:13:20,6,0,1.2e+16,0.0,2000000000000000.0,0,1825741858350553.8,0,0.4722222222222222,0,85.5,513
0x1d6907245c30e7ddab42dc42523e97687c149345,2018-09-06T02:33:08,2,0,1e+16,0.0,5000000000000000.0,0,5000000000000000.0,0,0.5,0,312.5,625
0x1ecbde8eb4aeca1094163e54839a4ef829bc2965,2016-02-28T22:30:02,0,0,0.0,0.0,0,0,0,0,0,0,0,0
0x39de05db56c42041f1c378c72ddd0161ef91070b,2016-02-28T22:31:00,25,2,1.38e+20,1.38e+20,5.52e+18,6.9e+19,2.4442782165702824e+19,5.712e+19,0.9478260869565217,0.41391304347826086,49.55555555555556,1338
0x1fb8d1159ba0fe9e237d5a9f8810d783500ab471,2019-11-08T00:10:42,5,0,1000000000000000.0,0.0,200000000000000.0,0,400000000000000.0,0,0.8,0,178.8,894
0x53e523b0207c0987af44aed9c09c4d3e59e7db9a,2019-11-04T13:06:12,9,0,3000000000000000.0,0.0,333333333333333.3,0,471404520791031.7,0,0.6666666666666666,0,32710.777777777777,294397
0x1ff3f56609d0771abb49566600febade0e708beb,2016-04-07T15:07:41,223,2,2e+18,2e+18,8968609865470852.0,1e+18,1.3362927736099856e+17,9.8e+17,0.9955156950672646,0.49,73329.56,16499151
0x1fe6c9951a5321a4169fe7721c2bdd5fef082d7d,2018-03-16T01:18:33,2,0,5000000000000000.0,0.0,2500000000000000.0,0,2500000000000000.0,0,0.5,0,95.5,191
0x22c7c594df26237c358d1473b8899503c1ef30fa,2018-03-16T01:34:58,0,0,0.0,0.0,0,0,0,0,0,0,0,0
0x20442f9439c874c02e8451e03d6235ee27ee3afe,2017-11-10T18:03:10,0,0,0.0,0.0,0,0,0,0,0,0,0,297
0x213d2b0498d7eef3151aa9af2e5c4eb8674ecce5,2016-04-29T03:45:56,189,2,2e+17,2e+17,1058201058201058.2,1e+17,1.023231725175329e+16,0.0,0.9894179894179894,0.0,76444.90052356021,14600976
0xdb9b3f9c12e710517ac572378c6199bc3624b1ed,2016-04-28T20:56:53,0,0,0.0,0.0,0,0,0,0,0,0,0,14625519
0x21e3a126b222be9196c8f826d9f9679ee26bbae7,2016-03-10T12:59:19,224,0,1.67e+17,0.0,745535714285714.2,0,7770277486229832.0,0,0.9915793413173652,0,84299.96428571429,18883192
0x502b3fce17009ea60269d2553553447e74f88445,2016-03-12T05:44:47,0,0,0.0,0.0,0,0,0,0,0,0,0,18736464
0xc998f7ab8949ed3d807d54b079e4c6a9878c74ab,2016-03-10T13:48:19,223,1,1500000000000000.0,500000000000000.0,6726457399103.139,500000000000000.0,74566319050743.9,0.0,0.992526158445441,0.0,84286.83928571429,18880252
0x810a49b3ca004243044444fd7380d9d8e22e3875,2016-03-10T13:21:26,225,2,6.98e+16,1.48e+16,310222222222222.25,7400000000000000.0,3415251081636208.5,2400000000000000.0,0.9911238459089462,0.16216216216216217,83180.02202643172,18881865
0xba8ee7ba243a363d1995812121bc3fdfa6052785,2016-03-10T12:22:14,222,0,1.5e+17,0.0,675675675675675.6,0,1.0044641045485476e+16,0,0.9954954954954955,0,85069.44594594595,18885417
0x23e2134cbdd5b80f16300454d72a523cb7d1a886,2018-11-08T02:34:32,3,0,3000000000000000.0,0.0,1000000000000000.0,0,816496580927726.0,0,0.4444444444444444,0,147.0,441
0x243ce58ad1d2996399b0c110f013901d2f50243f,2018-10-27T00:08:03,321,0,2.408193171906752e+20,0.0,7.502159414039726e+17,0,1.8343426090089352e+18,0,0.8090197744405859,0,341.0218068535826,109468
0x258e30f1ff095f738545ac72d3009d94cef2e8b3,2018-08-13T00:48:00,6,0,4e+16,0.0,6666666666666667.0,0,4714045207910317.0,0,0.3333333333333333,0,594680.5,3568083
0x25cdfe617d58f348d10d8efc6d61032ed1e1ce7a,2016-04-19T02:14:16,0,0,0.0,0.0,0,0,0,0,0,0,0,15475416
0x25f2a9ba0c4455af599bc960d554cfcfeca7f3ed,2017-12-09T18:56:29,0,0,0.0,0.0,0,0,0,0,0,0,0,0
0x26c4e381ffbdc825be9b986c3ba40525f0771e8d,2016-04-09T13:20:05,0,0,0.0,0.0,0,0,0,0,0,0,0,0
0x27705979b6f4d3b497f62240a6ae11ae535a49df,2019-04-18T15:38:09,1048,0,1e+17,0.0,95419847328244.28,0,2182174928631539.8,0,0.9980916030534351,0,424.06583969465646,444421
0xabc2f5c89d8b2238e370759f9408fb9058c5726a,2019-04-24T12:11:18,10000,0,1e+17,0.0,10000000000000.0,0,707036066972541.2,0,0.9998,0,880.566,8805660
0x278af8130b3f4f3e723a564cc76b2cb7c3eda0d7,2017-06-12T12:28:46,0,0,0.0,0.0,0,0,0,0,0,0,0,0
0xcff645563d0a06e14b215186a023578408fc9f56,2017-06-12T11:52:56,0,0,0.0,0.0,0,0,0,0,0,0,0,0
0x27b97f315c699b50b7150b534033b61a7b555bbd,2019-07-30T03:54:13,0,0,0.0,0.0,0,0,0,0,0,0,0,0
0x27c0afc960fbeab1c6bba6be3837d40e948b2250,2016-03-14T08:18:31,235,6,1.23e+19,9.42e+18,5.23404255319149e+16,1.57e+18,3.637816317515481e+17,1.3808330818748516e+18,0.9805915931499741,0.4575371549893843,77002.77593360996,18557669
0x1107bd232640434008b8ce1fd058837e141f754b,2016-03-14T08:19:04,235,12,2.015e+19,2.74e+19,8.574468085106382e+16,2.2833333333333332e+18,5.575201348557548e+17,2.332053220280837e+18,0.9790401773929572,0.5282846715328468,75132.12955465587,18557636
0x2a06efc3db84ed9e0652e13314df5ff963de92a1,2018-08-24T05:21:55,0,0,0.0,0.0,0,0,0,0,0,0,0,0
0xa2c5718723161f48fe1be09bee40a8fa347df520,2018-06-25T06:33:39,53,0,4.894375e+17,0.0,9234669811320754.0,0,1.2414132581245822e+16,0,0.4620147791915536,0,94337.98113207547,4999913
0x2c2e3baa2191cf325a28a01ff42340f2ae677572,2016-04-29T05:03:26,432,177,2.42e+19,2.6689e+19,5.601851851851852e+16,1.5078531073446326e+17,6.780882460345047e+16,9.913727690042293e+16,0.4890763697581879,0.2785385460016219,23967.69458128079,14596326
0x31e13882c45c1023d9b16c3794c1a780bb6cb88d,2016-04-29T05:38:02,251,36,4.916159265359e+19,4.916159265359e+19,1.958629189386056e+17,1.3655997959330557e+18,4.453427497983541e+17,7.478108457807613e+17,0.8349745345124645,0.28840023918232044,50851.04529616725,14594250
0x2cbe1c74b77bf46a61759f3ed107b3e2612feddd,2018-10-28T22:15:00,3,0,2.2e+16,0.0,7333333333333333.0,0,5249338582674541.0,0,0.36363636363636365,0,147.33333333333334,442
0x2cdb253c0e44a284f6174ae90b5ea247e6cf3649,2018-10-29T21:19:06,341,0,4.6886164062694474e+20,0.0,1.374960822952917e+18,0,1.1527894413490336e+18,0,0.4595806829506448,0,260.1700879765396,88718
0x2d6cb85e108326a8bbb72ca6f3c9f0f3c7f53638,2017-12-08T15:39:38,6,0,5e+17,0.0,8.333333333333333e+16,0,1.863389981249825e+17,0,0.8333333333333334,0,3554725.3333333335,21328352
0x2dad35ca7d3e3577f5c4160f99940809a9f2ed91,2018-10-27T04:43:23,306,0,5.3094769213262686e+20,0.0,1.7351231769040092e+18,0,2.5373473429265275e+18,0,0.6603422838116649,0,950.2254901960785,290769
0x2f67e755b43c46b065d30429bb7d05949b84098c,2016-03-20T23:09:40,0,0,0.0,0.0,0,0,0,0,0,0,0,0
0x306e4d2747dbd246ba35f3b21ef40de0ffdad3d1,2018-02-10T19:31:00,0,0,0.0,0.0,0,0,0,0,0,0,0,0
0x30c16da96ffa1eee79d8a9db23b7204fed75d549,2016-04-29T04:51:09,215,1,1e+17,1e+17,465116279069767.44,1e+17,6804064575966416.0,0.0,0.9953488372093023,0.0,67610.13888888889,14603790
0x30d1b797365f936300055a704a902124467b8b14,2018-10-27T08:07:14,2,0,1000000000000000.0,0.0,500000000000000.0,0,500000000000000.0,0,0.5,0,3298.5,6597
0x31c26225d2395acdcd5264d12499958ad0c5493f,2016-12-20T17:13:46,0,0,0.0,0.0,0,0,0,0,0,0,0,0
0x72a68fb6d91ed8dc47b564e088e518c6d4a6ff44,2016-12-20T17:29:31,111,0,1.7408379799999999e+22,0.0,1.5683225045045045e+20,0,2.8582049116294886e+20,0,0.7331227254729957,0,192377.46846846846,21353899
0x49f988d49f6cbfb3a24cc22b468109dcd0695429,2016-12-20T17:27:47,0,0,0.0,0.0,0,0,0,0,0,0,0,0
0x7efd3a0149fd4174bb8b08065001e5f7c3a00968,2016-12-20T17:25:13,0,0,0.0,0.0,0,0,0,0,0,0,0,0
0x1bb3ac952015995140031d42fcf7b649047afc27,2016-12-20T17:18:38,0,0,0.0,0.0,0,0,0,0,0,0,0,0
0xcbc1d9b1f18cc9dfcb95a68830b2c66b647a221d,2016-12-20T17:11:25,0,0,0.0,0.0,0,0,0,0,0,0,0,0
0x66d2a16ec82f4bd6e930a93abf82fa1f36a1768b,2016-12-20T17:09:31,0,0,0.0,0.0,0,0,0,0,0,0,0,0
0x111df3f3fa069587c51a9b613f6271eb47e15594,2016-12-20T17:08:11,0,0,0.0,0.0,0,0,0,0,0,0,0,0
0x23a32f84d9a6d163593a49f052d5039c05469da6,2016-12-20T17:06:42,0,0,0.0,0.0,0,0,0,0,0,0,0,0
0xb92c458422f9d4d7e006f5d5619f7709b8223c55,2016-12-20T17:05:30,0,0,0.0,0.0,0,0,0,0,0,0,0,0
0x33a72c80a362e4ce43f186fdfac234ada278bc87,2016-04-03T20:23:41,0,0,0.0,0.0,0,0,0,0,0,0,0,0
0x86a2f548baf9da7e989f5f697f339d61de259b72,2016-04-03T17:12:04,8,9,6e+18,6e+18,7.5e+17,6.666666666666666e+17,4.330127018922193e+17,1.0873004286866728e+18,0.25,0.6888888888888889,78.05882352941177,1327
0x349455c38122f117bc339ef2771d95938f19eaa0,2019-11-07T23:03:31,4,0,1000000000000000.0,0.0,250000000000000.0,0,433012701892219.4,0,0.75,0,847.25,3389
0x34f033eeaa33a941d00859106642d57b8b538e74,2016-04-13T01:21:51,0,0,0.0,0.0,0,0,0,0,0,0,0,15989587
0x3570778f291120940119b5e4f867dab5488add4d,2018-03-23T04:04:49,2,0,1000000000000000.0,0.0,500000000000000.0,0,500000000000000.0,0,0.5,0,158035.0,316070
0x36b5766f8f0b674a2b3dcb7df5fd7a5cb68c073b,2016-04-05T06:56:50,5,0,6e+18,0.0,1.2e+18,0,7.483314773547882e+17,0,0.3333333333333333,0,125.8,629
0x37b0d8b1299c1edf07a8ee4c5c1d245f17d56e3f,2018-11-03T02:54:45,2,0,3e+16,0.0,1.5e+16,0,1.5e+16,0,0.5,0,134.0,268
0x37c443249ed98c6d3871edf5c3a44f20dac2d940,2016-04-13T01:06:56,0,0,0.0,0.0,0,0,0,0,0,0,0,329
0x3a67782de1e70d3f09d7955a41108d0533550048,2018-10-31T00:40:38,0,0,0.0,0.0,0,0,0,0,0,0,0,0
0x3be222ed7b55844401286248f1fd9df9648c50fd,2018-04-18T03:22:06,0,0,0.0,0.0,0,0,0,0,0,0,0,0
0x3be274206e77fc9cbfe4aa2b4c5c211303228447,2018-11-02T00:00:48,0,0,0.0,0.0,0,0,0,0,0,0,0,0
0x91d43401597f517f9304cb21917506441060e9c2,2018-11-02T00:07:19,0,0,0.0,0.0,0,0,0,0,0,0,0,0
0xdd4cbc549965974cef6fe14d9e80b62d73384153,2018-11-01T23:47:37,0,0,0.0,0.0,0,0,0,0,0,0,0,0
0x3d86cc838649b072510f3da56a31f30461cf66d2,2016-04-07T00:25:32,254,2,3.1e+17,1.1e+17,1220472440944882.0,5.5e+16,1.048464447921529e+16,5.39e+16,0.9871729743459486,0.49,193250.19140625,49472049
0x3dc4d22741c55b40f5f2445ec4e3afb12dd14ebb,2018-02-07T19:35:21,15,0,2.1e+17,0.0,1.4e+16,0,2.33238075793812e+16,0,0.5142857142857142,0,15680.2,235203
0x3e0d6ebb658420c1220e1b4f33eaf4c7039d15ff,2018-02-10T19:11:20,0,0,0.0,0.0,0,0,0,0,0,0,0,0
0x3e3ee486285814cf3899b2d67a1f3176316efd66,2016-04-11T06:26:13,8,2,3.43e+17,1.83e+17,4.2875e+16,9.15e+16,3.742471609778757e+16,9.05e+16,0.4770408163265306,0.49453551912568305,596.3,5963
0x40c71e8d49d01c0eccaeebcda81d24037c556b1f,2017-12-16T17:30:48,0,0,0.0,0.0,0,0,0,0,0,0,0,1871
0x4100a8cbdfb6b029f6820ced6eab20863cd02fff,2018-11-02T00:41:35,0,0,0.0,0.0,0,0,0,0,0,0,0,0
0x41c0542f41251d6d81526ed2dbc8f0008b13fe48,2018-11-07T19:01:45,4,0,3.2e+17,0.0,8e+16,0,1.2708265027138834e+17,0,0.703125,0,5226.0,20904
0x41f2d5040726c5328f8366f17041ec012ac8f338,2016-04-08T19:58:34,7,2,2.01e+18,2.01e+18,2.8714285714285715e+17,1.005e+18,7.03353483284884e+17,9.849e+17,0.8571428571428571,0.49,6441191.0,57970719
0x42c455c7cdc8a89d8825a4335cee3524d9dc62d5,2019-09-12T17:52:22,1652,0,5000000000000000.0,0.0,3026634382566.586,0,122979719454661.22,0,0.9993946731234867,0,3584.685230024213,5921900
0x4364eff50d20ca13ec7ec6e9b0f7529a1f39df3c,2015-08-10T01:48:01,3,0,1e+18,0.0,3.333333333333333e+17,0,4.7140452079103174e+17,0,0.6666666666666666,0,998.3333333333334,2995
0x43bbc7fafb860d974037b8f7dd06b6f6fe799b3e,2016-04-04T15:39:10,633,499,4.501041706528674e+21,4.489177096210887e+21,7.110650405258569e+18,8.996346886194163e+18,3.828855953788581e+18,4.675018843162766e+18,0.2733842464382791,0.2633545647308657,43595.58038869258,49350197
0x43dbf4571dbdf96e7c9d87dc3e033239d01d637d,2016-04-03T20:21:38,0,0,0.0,0.0,0,0,0,0,0,0,0,0
0x43e49c79172a1be3ebb4240da727c0da0fa5d233,2016-04-07T15:26:06,230,5,3.4002800000700006e+19,3.4e+19,1.4783826087260874e+17,6.8e+18,1.4787966423135457e+18,1.3430163066768773e+19,0.9905335673117488,0.7936470588235294,70204.4510638298,16498046
0x446d1696a5527018453cda3d67aa4c2cd189b9f6,2016-03-28T04:08:43,393,74,1.0378917422750019e+21,9.461170055052001e+20,2.640945909096697e+18,1.2785364939259462e+19,8.365720621434653e+18,1.998701988092562e+19,0.9026168548921211,0.6993764917325985,265979.278372591,124212323
0x49c3019b7a83b3c77a823255533975969027308d,2016-04-13T02:12:22,209,1,1.5e+16,1.5e+16,71770334928229.67,1.5e+16,447873470768863.7,0.0,0.9773524720893142,0.0,76126.45714285714,15986556
0x49f053b866c33185fa1151e71fc80d5fe6b08a92,2016-04-04T07:38:18,5,3,2.2222631163636362e+18,2.207376272181818e+18,4.4445262327272723e+17,7.357920907272727e+17,4.554485861869281e+17,4.4435708669838586e+17,0.521583040693764,0.2846890339744002,31731.375,253851
0x4b50c19274036a76e6cdaa992d324b07aa941022,2018-02-10T18:29:00,2,0,1e+17,0.0,5e+16,0,5e+16,0,0.5,0,131844.5,263689
0xde57d4a5b873fdc2bca9d4d7c7db19296861e759,2018-02-13T18:02:27,0,0,0.0,0.0,0,0,0,0,0,0,0,0
0x4bb59d7764ca528e22a5ecaa785280986e9818ea,2020-01-21T14:25:33,535,0,1.7873e+19,0.0,3.340747663551402e+16,0,9.253025521966213e+16,0,0.7550669599787914,0,1808.7570093457944,967685
0x4c6aeb73b0f56f18971641ea954b5fc051415bca,2016-04-22T04:32:58,0,0,0.0,0.0,0,0,0,0,0,0,0,15200520
0x3a1b67b57d923f73766db6649817200d8530e3a8,2016-04-22T04:44:18,0,0,0.0,0.0,0,0,0,0,0,0,0,15199840
0x03042094e77fb177ee0e87de9b52e2d5af816308,2016-04-22T04:36:33,0,0,0.0,0.0,0,0,0,0,0,0,0,15200305
0x4c60e311d8fba04e313f7e7b3dec61b3028726d1,2018-06-10T21:14:55,843,0,2.4216e+18,0.0,2872597864768683.5,0,2.390477840553321e+16,0,0.9857651245551603,0,3831.831553973903,3230234
0x4d79a3d77d1fd3deb1e466374a81f609377730eb,2018-10-27T01:21:18,5,0,5.172937637e+16,0.0,1.0345875274e+16,0,6381186271450792.0,0,0.3232329687565495,0,377.8,1889
0x4e00821b562e98bfbfb32245468b3ba4e5b3140a,2016-04-07T15:46:43,0,0,0.0,0.0,0,0,0,0,0,0,0,0
0x4e21c31ff65df33ea0b7f7ec8794803f731eb239,2018-01-31T02:06:43,6,0,3e+16,0.0,5000000000000000.0,0,5000000000000000.0,0,0.5,0,672.3333333333334,4034
0x4e88419be4e8643d98b15f8b6cf9cf3f6ef1fbfd,2018-10-27T01:06:04,260,0,4.6591734085565455e+20,0.0,1.7919897725217482e+18,0,2.572158822068545e+18,0,0.6704906722829892,0,30.073076923076922,7819
0x4eb3aff340a3b5f704a102330fa60507018e0d30,2018-10-28T01:20:58,0,0,0.0,0.0,0,0,0,0,0,0,0,0
0x4f9048d95616dbf7acc16fc4179f5ac6ee37bce6,2018-09-07T13:01:40,2,0,1.11e+16,0.0,5550000000000000.0,0,5550000000000000.0,0,0.5,0,488183.0,976366
0x4fa2bec37bb47781e56b4ddc7929f0d3bcedce33,2018-11-23T04:26:22,23,0,3.93457782e+18,0.0,1.7106860086956522e+17,0,2.8999453846102515e+17,0,0.7134524855369085,0,139.6086956521739,3211
0x4fa1f5846f9e8b139e85b10c604b47e9314a7d0a,2018-11-07T00:38:28,60,0,8.253246940258602e+19,0.0,1.375541156709767e+18,0,1.803770317410427e+18,0,0.6600629689283117,0,170.75,10245
0x4fb663c1616bfe80b5b6d5a214efa81d5a121801,2017-04-18T14:29:20,90,0,3.1423193749028676e+19,0.0,3.4914659721142976e+17,0,1.2449544606159414e+18,0,0.9177237214029843,0,716262.7444444444,64463647
0x513f38be4561091eb6fa87ed2566b3e6c7c0169f,2019-06-14T16:36:29,20,0,2.33e+18,0.0,1.165e+17,0,1.1807942242406166e+17,0,0.5070815450643776,0,31215.6,624312
0x5169dbf8c7f02de1083b05d4018ef488f9c37222,2018-11-22T05:00:18,61,0,2.846881659681115e+18,0.0,4.667019114231336e+16,0,4.874535221769136e+16,0,0.5251225586760144,0,164.62295081967213,10042
0x53891ef3793d8534ad42312bcc77dfad51bb5f1c,2016-03-13T11:30:06,259,26,1.089e+19,1.089e+19,4.204633204633205e+16,4.1884615384615386e+17,1.481001362693296e+17,4.618301962599617e+17,0.9330582057854785,0.5634315179769726,65377.45263157895,18632574
0x54715db7a8a57bc9bab660eb8e7b195774cb564d,2015-12-30T05:53:08,204,0,8.717e+17,0.0,4273039215686274.5,0,3.264925919614847e+16,0,0.983470995373026,0,122807.27450980392,25052684
0x565fc7ff1633d233bf9eb2e734e7524e995cf07d,2016-04-16T21:31:50,250,0,1000000000000000.0,0.0,4000000000000.0,0,63118935352238.016,0,0.996,0,62666.18,15666545
0x58d94584f2c091449cdc4e3e40453101ec30dfe3,2018-10-30T22:38:02,3,0,3e+17,0.0,1e+17,0,8.16496580927726e+16,0,0.4444444444444444,0,135.66666666666666,407
0x59bbfbb2a233ad668c567d77b1bed06f160edc30,2018-10-29T18:20:49,0,0,0.0,0.0,0,0,0,0,0,0,0,0
0x5a0b071e99d6987a73ec9317601f85ee077488f6,2018-12-24T10:20:41,8,0,6e+16,0.0,7500000000000000.0,0,1.299038105676658e+16,0,0.75,0,34618.125,276945
0x5a60ad57b09779adec3d760edfa59a427aa3e654,2018-06-12T16:42:27,0,0,0.0,0.0,0,0,0,0,0,0,0,4998
0x5aa4769f204f0b9e8d9c852377bf90fbe5bf2aeb,2018-10-30T20:26:20,11,0,2.06e+18,0.0,1.8727272727272726e+17,0,1.2314742894676424e+17,0,0.3627537511032657,0,779.8181818181819,8578
0x5b092762dda18075580015010e2822b6e4f62358,2018-02-10T18:09:47,0,0,0.0,0.0,0,0,0,0,0,0,0,0
0x5ba0d60f45c3769afe2cdf7826946c8338494467,2018-10-27T01:54:40,123,0,1.271486628925858e+20,0.0,1.0337289666063886e+18,0,1.9313688845028572e+18,0,0.7238558299245911,0,2780.9756097560976,342060
0x5bd7b9cd17cee4d2fae01d9695e83098cf409488,2018-11-02T00:45:03,133,0,8.911280457073412e+19,0.0,6.700210869980009e+17,0,9.667150317914849e+17,0,0.6326645107141081,0,704.1503759398496,93652
0x5c39aa14370d47f0bd5319758bab177cf4ead1cb,2018-10-30T00:49:01,0,0,0.0,0.0,0,0,0,0,0,0,0,0
0x5c6b9ae7de0cbb422d4479876694ad3626b34e6e,2017-05-23T07:20:11,5,0,500000000000000.0,0.0,100000000000000.0,0,200000000000000.0,0,0.8,0,311.4,1557
0x5e73b359215d5341cf1c4513f022e3c6faa8788f,2017-03-20T11:34:43,5,0,5e+16,0.0,1e+16,0,6324555320336759.0,0,0.32,0,361.2,1806
0x5fa0e28fb8604ec29a6f1cd2f2260cc64c6259e2,2018-02-10T19:05:12,0,0,0.0,0.0,0,0,0,0,0,0,0,0
0x6038398f8113af6201942cf76a41b768d59fed93,2018-02-10T18:49:27,0,0,0.0,0.0,0,0,0,0,0,0,0,0
0x60acd43314d93f38507f3fd12e84225a5a099229,2016-04-09T17:43:46,0,0,0.0,0.0,0,0,0,0,0,0,0,16277354
0x6140d98c1bf9206488fc3428e2dc5496b0a23d84,2016-04-28T01:27:46,0,0,0.0,0.0,0,0,0,0,0,0,0,14695666
0x618b4ee94d4fda67f06241699ef80ba435e39485,2018-02-07T18:28:59,0,0,0.0,0.0,0,0,0,0,0,0,0,0
0x61f6c7c9b344705736cc86627859ede5e2b8e562,2017-03-22T23:25:19,9,0,3.51e+17,0.0,3.9e+16,0,2.0848661028149188e+16,0,0.2241215574548908,0,186.33333333333334,1677
0x629b4a1dae038650bd849fb972b375861da41567,2018-11-09T03:28:39,3,0,7.634400151500805e+16,0.0,2.5448000505002684e+16,0,1.94906156080752e+16,0,0.41342694973183064,0,24754.666666666668,74264
0x62b01d0aeb16656aff7a7632c3a61c8b069a8928,2018-10-27T14:35:19,4,0,3.2e+17,0.0,8e+16,0,4.898979485566357e+16,0,0.3125,0,6390.5,25562
0x62b0bf145927772654b17076371eafe935bf65e1,2019-10-18T21:18:20,34,0,2.42218e+17,0.0,7124058823529412.0,0,4416457470051657.5,0,0.30033737231361346,0,10315.470588235294,350726
0x640bd81d0a049a0419971086f9773bdee7294fc5,2018-10-31T00:09:20,4,0,1.7e+17,0.0,4.25e+16,0,6.219927652312364e+16,0,0.6617647058823529,0,283470.0,1133880
0x6567507ff00246678b17efef97cb39e65f122b6f,2019-01-12T19:10:15,0,0,0.0,0.0,0,0,0,0,0,0,0,0
0x96504e1f83e380984b1d4eccc0e8b9f0559b2ad2,2019-01-12T19:41:48,0,0,0.0,0.0,0,0,0,0,0,0,0,12891277
0x122df5a043aaf623fc75db9b262eb12550feb262,2019-01-12T19:28:46,0,0,0.0,0.0,0,0,0,0,0,0,0,0
0x66307e74a625c7bca13c156bfd9a2c25800c9271,2015-10-22T15:23:02,0,0,0.0,0.0,0,0,0,0,0,0,0,0
0x846d85967e28871ba4a02828492cb1a025f5b7f2,2016-02-19T06:12:06,0,0,0.0,0.0,0,0,0,0,0,0,0,0
0x4f795a4c2f14377f9fb60fbc456c034942bdbe64,2016-02-18T05:55:23,0,0,0.0,0.0,0,0,0,0,0,0,0,0
0x7a54ed3107a03c516fab97a800878ef7e19f801a,2016-02-17T09:51:35,0,0,0.0,0.0,0,0,0,0,0,0,0,0
0x2a3eb4a7b494ab6cdb9d0e247888f4b3b1527a0b,2016-02-17T09:35:33,0,0,0.0,0.0,0,0,0,0,0,0,0,0
0x41ced0249967fb4c585b10aae4956aed0cc20d17,2015-10-22T16:16:33,3,0,1.01e+18,0.0,3.366666666666667e+17,0,4.690652643526508e+17,0,0.6600660066006601,0,272.3333333333333,817
0x2ba9d183adc45926ab849d5a9f3e5d5a1eaf0d85,2015-10-22T15:15:13,0,0,0.0,0.0,0,0,0,0,0,0,0,0
0x66342e803943929dc47bca1d625f42c7c725b049,2016-03-31T20:02:47,18,6,1.4653e+19,5.8045e+18,8.140555555555556e+17,9.674166666666666e+17,9.003871680944458e+17,5.5752740341220504e+16,0.4822561932710025,0.026488069601171504,2339571.7916666665,56149723
0x6869b8e23b1de74aa9376ec2b5f194bb9aa08cbc,2020-03-15T12:13:22,37,0,3.6e+17,0.0,9729729729729730.0,0,1621621621621621.2,0,0.02702702702702703,0,111361.18918918919,4120364
0x68d8618d9b573b7f98b028a052a82f46c49f7ffc,2017-03-23T08:57:14,22,0,9.6e+17,0.0,4.363636363636364e+16,0,1.734554030853583e+16,0,0.140625,0,524.8181818181819,11546
0x6a0f05d623933e179e8feed87cc73dfc95717d45,2018-10-14T12:27:26,2,0,1e+16,0.0,5000000000000000.0,0,5000000000000000.0,0,0.5,0,130.5,261
0x6b466cb8893d9e1d1c12582fad4b3ed0f7d0a276,2017-06-02T16:12:31,0,0,0.0,0.0,0,0,0,0,0,0,0,0
0x6c91c0104677d08cded353b1459b68415f278c38,2018-11-04T01:48:37,9,0,3.51e+18,0.0,3.9e+17,0,6.405032743432654e+17,0,0.709085153529598,0,6910.666666666667,62196
0x6cb877964e66fc227ff19e29969f6fc6a21798c2,2018-05-27T01:34:47,3067,0,1.082e+20,0.0,3.5278774046299316e+16,0,6.772620960858515e+16,0,0.6780168956159028,0,2684.3345288555593,8232854
0x6d5bb435a0b3b6e45a15f7ed86a2f600b4129906,2018-10-29T01:50:54,0,0,0.0,0.0,0,0,0,0,0,0,0,0
0x6d8aeb55a5bfda9393de1301b995d3f733c5de85,2018-10-28T10:21:07,4,0,3e+16,0.0,7500000000000000.0,0,4330127018922193.5,0,0.25,0,4442.5,17770
0x6e850bf8607a37e84a489008eeb94fb19331b061,2018-11-04T20:28:34,9,0,3.117679504548094e+18,0.0,3.464088338386771e+17,0,3.212669194972365e+17,0,0.5004233300191162,0,2232.5555555555557,20093
0x6e9fa09828f06c8067b9aecf7cb01cb5df944c2d,2016-04-07T16:04:51,0,0,0.0,0.0,0,0,0,0,0,0,0,0
0x7a984b7658978f5c7658dceb3d4343cdddc28462,2016-04-07T16:38:36,0,0,0.0,0.0,0,0,0,0,0,0,0,0
0x45c175ba1562428059254082ce4ef91f618d19ad,2016-04-07T16:35:55,0,0,0.0,0.0,0,0,0,0,0,0,0,0
0xf4bcaa08281bb5b3b303b8c3292d4df3e35264e4,2016-04-07T16:07:35,0,0,0.0,0.0,0,0,0,0,0,0,0,0
0x5a9ed5d071fe12995df281ea0fba21d7f1f76809,2016-04-07T16:02:39,0,0,0.0,0.0,0,0,0,0,0,0,0,0
0x08b4b138e3540e925a8da863e2ad71228235e7cb,2016-04-07T15:58:33,0,0,0.0,0.0,0,0,0,0,0,0,0,0
0x6edea3515749cef9986d05f08104ffd976217bb7,2018-10-30T21:47:41,59,0,2.2644932619197784e+19,0.0,3.838124172745387e+17,0,4.2784221676824915e+17,0,0.5761589601020287,0,42.0,2478
0x70e2475b7da322d4a379e43cd7495c63c055192a,2016-04-06T05:15:56,3,0,6e+17,0.0,2e+17,0,2.1602468994692867e+17,0,0.5555555555555556,0,801.6666666666666,2405
0x71acfa5a9fed2e445ee9c2038a21fa2893d1ad75,2019-07-18T22:28:12,2,0,1.5e+16,0.0,7500000000000000.0,0,7500000000000000.0,0,0.5,0,1217.5,2435
0x71ef56c2830323a1edd5db76128d588937fa89f8,2016-05-02T01:21:36,221,0,3e+17,0.0,1357466063348416.2,0,2.0134475530576464e+16,0,0.995475113122172,0,64913.371040723985,14345855
0x4e2405f5d0284e9bbbc362412ea1e5b2e893c365,2016-08-04T15:06:17,220,0,2320000000000000.0,0.0,10545454545454.545,0,156058476007823.2,0,0.9954545454545455,0,28067.154545454545,6174774
0xb5abfbbe96aa33c0e6288c2a982ab9e0303fc479,2016-06-10T06:25:52,223,0,1e+18,0.0,4484304932735426.0,0,6.681463868049928e+16,0,0.9955156950672646,0,49139.008968609865,10957999
0x4cb8122b08df89d65a0b3a33b71e876a03ac4f6b,2016-06-09T12:06:36,223,0,1e+18,0.0,4484304932735426.0,0,6.681463868049928e+16,0,0.9955156950672646,0,49434.775784753365,11023955
0x80207cbd4142b3e7ad9be4df6baed4b8bbe42d26,2016-06-02T03:33:11,0,0,0.0,0.0,0,0,0,0,0,0,0,11659560
0x60f074765c71f436e006f2ef5052156bf88e0d0e,2016-06-02T03:28:10,223,0,2e+17,0.0,896860986547085.2,0,1.3362927736099862e+16,0,0.9955156950672646,0,52286.372197309414,11659861
0x00fc936fcbd43f0754b0b2f6f6815f7b537ce493,2016-05-28T07:56:01,0,0,0.0,0.0,0,0,0,0,0,0,0,12075790
0xede7bc2e63a2d113a8294d56683f28179916d250,2016-05-28T06:16:37,0,0,0.0,0.0,0,0,0,0,0,0,0,12081754
0xc94c22cad8a9e84d58aba2a57d3f03bacb883a8c,2016-05-27T10:06:35,0,0,0.0,0.0,0,0,0,0,0,0,0,12154356
0xf172ed1f7045f79935a6526a40c23135f4cbaf79,2016-05-22T18:26:59,0,0,0.0,0.0,0,0,0,0,0,0,0,12556332
0x32cbeef752ea47ec1efa93ccd3aa1f700d891e89,2016-05-21T22:05:25,221,0,1000000000000000.0,0.0,4524886877828.055,0,67114918435254.85,0,0.995475113122172,0,57147.628959276015,12629626
0x72188297b76453b7385019219fb0364fd032d7e7,2016-06-17T22:19:18,0,0,0.0,0.0,0,0,0,0,0,0,0,0
0x7229b46468dc09a0170ae349b9a7443ed6e2992a,2018-10-29T02:57:57,85,0,6.961939e+18,0.0,8.190516470588235e+16,0,3.539578194439593e+16,0,0.195576298330613,0,6540.670588235294,555957
0x728033725e2d38af35e30b3f3c2e4874312e45f8,2018-10-27T17:07:44,2,0,1e+16,0.0,5000000000000000.0,0,5000000000000000.0,0,0.5,0,1390.0,2780
0x72b0ba8b3e039153b557e4e15fa11fd6a79b7498,2018-07-18T15:55:05,75,0,4.08537e+18,0.0,5.44716e+16,0,1.904557787136951e+17,0,0.9010022919180719,0,32209.573333333334,2415718
0x7471fb59dc79d3b5431c50695300fb56bf25b764,2018-10-30T00:25:22,4,0,3.1e+16,0.0,7750000000000000.0,0,4493050188902857.5,0,0.2661290322580645,0,161.0,644
0x74aa259965421ca9f4264d1697f77fcf680410b7,2017-08-14T17:05:17,4,0,20000000000000.0,0.0,5000000000000.0,0,8660254037844.387,0,0.75,0,420.5,1682
0x74f5e9ad97bb720f74d5548387bf4da5352053ac,2016-04-29T05:12:10,0,0,0.0,0.0,0,0,0,0,0,0,0,14595802
0x753c3d68fe0a3102a033a7d2333c447b69f6c1ea,2018-10-27T02:22:30,11,0,1.15e+17,0.0,1.0454545454545454e+16,0,4418219229171951.5,0,0.18814229249011857,0,790.5454545454545,8696
0x7630703dd17bf138893f97b19f8fa7d12ff91de9,2019-07-11T13:51:50,0,0,0.0,0.0,0,0,0,0,0,0,0,0
0x787e3cef5edd94089ab3988775fcb24a1582b38f,2016-03-28T02:01:13,215,0,1e+17,0.0,465116279069767.44,0,6804064575966416.0,0,0.9953488372093023,0,80831.56279069767,17378786
0x794512a134b4c111ea688d7b357a75d93810ace1,2018-11-03T12:36:28,6,0,8.550000000000001e+18,0.0,1.4250000000000003e+18,0,1.4182589091323674e+18,0,0.5155945419103313,0,6851.5,41109
0x7947f5e66b2be1365540ed9d7ac2950044d54e2e,2018-01-23T07:11:49,0,0,0.0,0.0,0,0,0,0,0,0,0,0
0xeceed88370c9fb7fa32aaec3e17df9b03c4020ec,2018-01-23T07:13:00,0,0,0.0,0.0,0,0,0,0,0,0,0,0
0x7a1ef8e226fd04f31468763c7b72d0abbe1518ea,2019-07-24T00:49:33,6,0,5e+16,0.0,8333333333333333.0,0,3726779962499649.5,0,0.16666666666666666,0,1292.5,7755
0x7bd83b818fb88239a8ece4c95837dc5746af32cc,2018-10-28T09:23:59,36,0,6.046e+18,0.0,1.6794444444444445e+17,0,1.5722894567484925e+17,0,0.5102547138604036,0,17302.61111111111,622894
0x7c24ff1768901640c2000bf8048dd194546367d2,2018-06-09T07:48:25,0,0,0.0,0.0,0,0,0,0,0,0,0,1481774
0x84d9f3e49adb28f57f23f25b77bfb91612623f1f,2018-06-09T09:01:50,0,0,0.0,0.0,0,0,0,0,0,0,0,0
0x5c61fe62518b05f260bbdb68aa63671576ba4176,2018-06-09T09:01:50,0,0,0.0,0.0,0,0,0,0,0,0,0,0
0xae0317a0b05da292fe97c1d0ed5bdcbba9f88cc3,2018-06-09T08:59:22,0,0,0.0,0.0,0,0,0,0,0,0,0,0
0x3a979b8c99b7dfc5a36824792a124e7bb973d00a,2018-06-09T08:58:16,0,0,0.0,0.0,0,0,0,0,0,0,0,0
0x8384fb31b6f7369b30e661be02952b2a96911b80,2018-06-09T08:57:57,0,0,0.0,0.0,0,0,0,0,0,0,0,0
0x217f77f4036421aa1eab10b72607456d79202048,2018-06-09T08:56:38,0,0,0.0,0.0,0,0,0,0,0,0,0,0
0x1a0c72d4bf7497ee5337e718a97f6da175995882,2018-06-09T08:48:28,0,0,0.0,0.0,0,0,0,0,0,0,0,0
0x243ae25b7f270b9136b61959d8012029856b4653,2018-06-09T08:47:33,0,0,0.0,0.0,0,0,0,0,0,0,0,0
0x351c2161e99187a750780e0ff010619a77ba9b0b,2018-06-09T08:46:07,0,0,0.0,0.0,0,0,0,0,0,0,0,0
0xabe47812f27f9bfd967276462eba14539490308e,2018-06-09T08:45:42,0,0,0.0,0.0,0,0,0,0,0,0,0,0
0x7c4a690585ffe89c01aebfce188b9bec8def9e8d,2016-04-23T04:48:27,227,7,8e+19,8e+19,3.524229074889868e+17,1.1428571428571429e+19,1.843916258718622e+18,4.61518434416354e+18,0.9647577092511013,0.21364285714285713,64611.74786324786,15119149
0x7c6675f4efd5ad98cca79172f4f7b49612342f5c,2016-04-07T14:49:25,0,0,0.0,0.0,0,0,0,0,0,0,0,16500247
0x36653866f772a4d529ad9dc774b6f83e93e7de37,2016-04-07T14:54:55,0,0,0.0,0.0,0,0,0,0,0,0,0,16499917
0x7de8333287e0f40899f19b15b120347423e2ce0b,2016-04-07T14:44:50,0,0,0.0,0.0,0,0,0,0,0,0,0,16500522
0x7cb26a50face2fcc383303871a67c7b4b3769351,2016-04-15T08:26:21,2,0,4000000000000000.0,0.0,2000000000000000.0,0,0.0,0,0.0,0,23.0,46
0x7cdfa222f37f5c4cce49b3bbfc415e8c911d1cd8,2018-10-26T18:57:27,1794,0,4.3622326739859134e+21,0.0,2.4315678227346227e+18,0,3.3799451227056015e+18,0,0.671402302098526,0,1685.9509476031214,3024596
0x7d563bf7446cb63bb2e834a693c111e7200ee8b3,2016-04-06T03:24:31,0,0,0.0,0.0,0,0,0,0,0,0,0,0
0x33d865dce19c56e5dea800366c4f7394ce01a7f5,2016-04-06T03:07:49,0,0,0.0,0.0,0,0,0,0,0,0,0,0
0x7f21a3cc5d175704ec7c421d7c973bfb80f2c11b,2018-11-05T23:51:28,112,0,7.260797983533809e+19,0.0,6.482855342440901e+17,0,1.202866784577103e+18,0,0.7549297235639222,0,252.59821428571428,28291
0x7fef9e225a94a3d841086ebf686932620e838a75,2018-10-31T00:28:14,115,0,7.717370986026693e+19,0.0,6.710757379153646e+17,0,6.048246926975286e+17,0,0.47880964029430384,0,24.808695652173913,2853
0x80622cc6c5c8dc4fa96c9b4994278695da71af69,2016-04-13T02:50:12,0,0,0.0,0.0,0,0,0,0,0,0,0,0
0x81312b948a47af46cf1cf8bbc94ef52c0c40fecb,2018-11-21T23:49:00,518,0,1.1761434145916314e+21,0.0,2.2705471324162767e+18,0,3.031789750169303e+18,0,0.6533253708283198,0,9438.469111969112,4889127
0x83051e225a06682ff0dde9bcd267d8418c4cbcd7,2016-04-25T01:33:24,27,20,1.915e+19,1.915e+19,7.092592592592593e+17,9.575e+17,5.6895567702086086e+17,6.495378418537292e+17,0.3883570254327435,0.37059947780678854,12643.340425531915,594237
0x833fe5e5a5f2de72f584f226f9d669e62bb6871f,2016-04-07T10:29:13,0,0,0.0,0.0,0,0,0,0,0,0,0,16483902
0x83e9cdf7bdf31a75e2dc6564bd80cee1114715e8,2018-01-28T01:06:52,510,0,5e+17,0.0,980392156862745.1,0,138648388467950.48,0,0.0196078431372549,0,472.29607843137256,240871
0x844224a22eed9f7787838c7ad903c596d565a573,2019-10-18T18:10:12,11,0,1.13e+17,0.0,1.0272727272727272e+16,0,6929396000058002.0,0,0.3057119871279163,0,536.0909090909091,5897
0x8041b5737b9338c3d4e0c22497264293cb91a971,2020-02-26T17:14:29,9,0,5.883666984124187e+16,0.0,6537407760137986.0,0,7473362994547384.0,0,0.6030507984334654,0,252.33333333333334,2271
0x865ca262348cdf4c1f7d6c46b7c73e3110493dd1,2016-06-27T15:08:09,5,1,3e+18,2e+18,6e+17,2e+18,4.898979485566356e+17,0.0,0.4,0.0,27445.166666666668,164671
0x86f1554191d64a8994459da53856dd2666c19cc3,2018-10-29T01:23:14,2,0,5e+16,0.0,2.5e+16,0,2.5e+16,0,0.5,0,31.5,63
0x888888203c05f29a5e2174d9716af4348c4cee50,2019-03-21T18:35:19,0,0,0.0,0.0,0,0,0,0,0,0,0,4860119
0x88acc7101d390d33f26e6f4324b575ea8070aad1,2018-11-01T00:53:05,16,0,7.98000224e+18,0.0,4.9875014e+17,0,5.3799237713013856e+17,0,0.5590535523458701,0,262.5625,4201
0x89c2352cb600df56fe4bfb5882caadef3e96213f,2016-04-05T14:07:21,4,1,3.003e+18,2.5e+18,7.5075e+17,2.5e+18,4.3344571459411155e+17,0.0,0.25,0.0,25.2,126
0x8ae568d934092188c97e9ddfec82a9a3b3856bb9,2018-11-20T18:43:52,7,0,4577129699914000.0,0.0,653875671416285.8,0,412687916061280.1,0,0.32650017542555276,0,325800.5714285714,2280604
0x8b7810d04a7c03473a0059fe6d35f9c6b6188798,2018-10-29T03:20:35,5,0,4e+17,0.0,8e+16,0,4e+16,0,0.2,0,84.4,422
0xcad29d8164328b4db1f6a5fe93e01d4ddd80f93a,2018-10-29T22:11:42,84,0,3.0360693481634783e+19,0.0,3.6143682716231885e+17,0,3.811849025132274e+17,0,0.5283943727659783,0,14372.77380952381,1207313
0x8bbeaeb0ec46bb71356d44c2d3121a35172662be,2018-11-14T00:15:00,0,0,0.0,0.0,0,0,0,0,0,0,0,0
0x8c51a027c0e5e4cf1ffab811d98798cc76321fcc,2016-03-30T00:28:59,232,0,5e+17,0.0,2155172413793103.5,0,3.275578481372988e+16,0,0.9956896551724137,0,251483.62068965516,58344200
0x07f196fe6e6d382b3411cd1add427552616f2204,2016-03-12T17:05:55,64,75,2.914e+19,3.7e+19,4.553125e+17,4.933333333333333e+17,3.4868040860327955e+17,4.8450753921436096e+17,0.4288671070693205,0.4965837837837837,475.52517985611513,66098
0x79ede3a98b042863384de25788504532362d52d6,2016-03-12T15:41:44,33,10,3.8e+18,2.25e+18,1.1515151515151515e+17,2.25e+17,1.7033160549656557e+17,1.887723496701781e+17,0.6706539074960127,0.4662222222222222,115.48837209302326,4966
0x8d0d5ca553b317e305992498c928d7088ad74580,2018-04-28T18:12:44,8,0,6000000000000000.0,0.0,750000000000000.0,0,661437827766147.6,0,0.4583333333333333,0,12341.875,98735
0x8d5ede2af16e4dd5b7fd6c4f2b33bf685fffd584,2017-06-12T12:53:39,3,0,5000000000000000.0,0.0,1666666666666666.8,0,2357022603955158.5,0,0.6666666666666666,0,815.3333333333334,2446
0x8dbfccf2cbdc40811e0485f0450dba0b5fd02de8,2016-04-26T15:20:52,0,0,0.0,0.0,0,0,0,0,0,0,0,14825207
0x8e0ff8d479d3093a90bed9d785770534742013a4,2019-09-24T11:39:03,0,0,0.0,0.0,0,0,0,0,0,0,0,0
0x8ea6c8077d6316b46e449aec8fb60a606cf50eea,2016-04-15T07:49:47,3,0,6000000000000000.0,0.0,2000000000000000.0,0,2160246899469286.8,0,0.5555555555555556,0,54.666666666666664,164
0x8ed5889735d2ab0b4ee6284a07c9b244198a9544,2018-02-10T18:49:24,0,0,0.0,0.0,0,0,0,0,0,0,0,0
0x8f03ef61e41a6d789ba56495b059e2cc6f0f861f,2017-03-20T11:18:45,0,0,0.0,0.0,0,0,0,0,0,0,0,0
0x90101947063fc81f3430459ece984b32becef551,2018-10-29T15:16:26,48,0,3.1235125342419624e+19,0.0,6.507317779670755e+17,0,1.0325969088152338e+18,0,0.6392296868659364,0,754.0,36192
0x906406635662582c30ad9bebc23e7c631ce393dd,2018-06-12T21:42:14,0,0,0.0,0.0,0,0,0,0,0,0,0,0
0x907301f0bde726fa9c65515cc2ea0aa5ac7ad144,2019-11-20T18:46:22,2308,0,1000.0,0.0,0.43327556325823224,0,14.71224163461841,0,0.9991332182735366,0,9658.626516464472,22292110
0x90eca657b13e25ef82eab8dc23435da4e08b6f16,2018-10-28T01:30:47,25,0,5.48e+17,0.0,2.192e+16,0,2.170330850354388e+16,0,0.48686131386861314,0,48352.32,1208808
0x9131752d126e683bf0d063e8059a4735ed45c8f9,2016-04-10T22:01:04,208,2,3.31e+18,3.01e+18,1.5913461538461538e+16,1.505e+18,1.208429217698078e+17,1.495e+18,0.9837468045549616,0.49667774086378735,77034.80952380953,16177310
0x92e5a69c506fd6bd5d7e6e834cd972d40dbddbe0,2018-11-05T23:28:22,0,0,0.0,0.0,0,0,0,0,0,0,0,0
0x94ee7bd3e8ad109505e1f405c9c2ca0b48782daa,2018-02-10T19:12:45,0,0,0.0,0.0,0,0,0,0,0,0,0,0
0x9559827c6723f8830c0e6979d319dd9852f0107e,2016-04-16T20:48:28,341,0,1000000000000000.0,0.0,2932551319648.0938,0,54073574529577.04,0,0.9970674486803519,0,139538.94721407624,47582781
0x95b3581fc1d18ca52cd2a295427c7153419abbf0,2018-12-10T14:04:06,3,0,3.55e+17,0.0,1.1833333333333333e+17,0,1.1271892279273946e+17,0,0.5070422535211268,0,37161.666666666664,111485
0x976ae9024725af1310b99534bd23eea5a11eae2f,2018-02-10T13:56:22,15,0,1.3e+17,0.0,8666666666666667.0,0,3399346342395190.0,0,0.13333333333333333,0,19386.2,290793
0x717821d24398b48d54fc41463e80ad3c604c6ed8,2018-02-13T17:49:47,0,0,0.0,0.0,0,0,0,0,0,0,0,0
0x984c3e8cbdb599ffc943b1ed71a81b461c3c5887,2019-03-18T08:12:58,8,0,8.6e+16,0.0,1.075e+16,0,7428828979051813.0,0,0.36627906976744184,0,177.375,1419
0x98902ad9e7100cc50e5771ea1d93ab7003cacedc,2018-07-21T03:21:42,3,0,1e+17,0.0,3.3333333333333332e+16,0,4.714045207910317e+16,0,0.6666666666666666,0,521.0,1563
0x9908e89cfcf86ef44b6e3b2f65a6d871714ace39,2018-11-04T19:51:52,120,0,7.304287335306469e+19,0.0,6.086906112755391e+17,0,1.6897559758459164e+18,0,0.8156755595078626,0,307.275,36873
0x992a2a70967265f1e87965d2e74a529d1b74178e,2018-11-01T01:43:16,84,0,1.2112799366545738e+19,0.0,1.4419999245887782e+17,0,2.7786806816376048e+17,0,0.7482495757314245,0,3100.404761904762,260434
0x99927ae0ae7e691d07557a7ecf65f01e173751af,2017-07-13T11:37:31,0,0,0.0,0.0,0,0,0,0,0,0,0,0
0x99d982e49bcb5465a6b4c1e0ec4341c912d9ba42,2016-04-07T11:19:38,251,2,1.002e+19,5.01e+18,3.99203187250996e+16,2.505e+18,4.454291918651444e+17,2.4549e+18,0.99203187250996,0.49,65141.80632411067,16480877
0x9a13ba2e38cd2041f483a0992967439e35cebee7,2018-11-08T01:06:14,29,0,5.286319135780151e+19,0.0,1.822868667510397e+18,0,2.131706195270696e+18,0,0.6062700368909997,0,2903.0344827586205,84188
0x9a686d2c66680dc165b9f9e8f16002245b2d3893,2016-04-29T04:31:04,189,3,3e+17,3e+17,1587301587301587.2,1e+17,1.249842519684414e+16,0.0,0.9841269841269841,0.0,76032.64583333333,14598268
0x9aaf2034b8eb1496aef7ffbd0b5acd20c8ea802e,2016-04-17T04:30:41,0,0,0.0,0.0,0,0,0,0,0,0,0,0
0x9b2b545691caffb8a16ba848f265f04f34e16748,2016-02-04T03:21:27,0,0,0.0,0.0,0,0,0,0,0,0,0,90
0xccd86358cc7cc87dfacbab443cf1b6e58cf6ceaa,2016-04-07T06:17:16,0,0,0.0,0.0,0,0,0,0,0,0,0,0
0x46648f595ecc35fabd19df3a91058a5d57bdd40a,2016-01-25T02:16:14,0,0,0.0,0.0,0,0,0,0,0,0,0,88
0x667429012ac34e03ba0889fd794d31dd92b53465,2015-12-14T07:40:07,0,0,0.0,0.0,0,0,0,0,0,0,0,0
0x0894cdc957a5a132fd20e3680a7c822d596d3af7,2016-07-02T11:50:07,0,0,0.0,0.0,0,0,0,0,0,0,0,83111
0xf7fff942bfa78455c08f69be65735bb4c212d7ca,2016-07-02T11:39:25,0,0,0.0,0.0,0,0,0,0,0,0,0,200
0x9c0d8ff2cd4097783091ec36f95ca31f463f69b3,2016-04-22T04:26:00,0,0,0.0,0.0,0,0,0,0,0,0,0,0
0x9d1cbf4ef833340120e721e5028c326ec1066c7e,2018-12-15T14:36:52,237,0,1.36713e+20,0.0,5.768481012658228e+17,0,2.6072601112305933e+17,0,0.16797349438277812,0,60011.42194092827,14222707
0x9d50421fe640cbaabf01366e27a664dfdf7155b2,2018-05-29T21:17:12,0,0,0.0,0.0,0,0,0,0,0,0,0,72556
0x9e8e125c0d840a9132a5eb878e5bf3bc29c2c1a5,2017-06-13T05:05:49,0,0,0.0,0.0,0,0,0,0,0,0,0,0
0xa025151aee27bedc1518328657888330377291e9,2019-11-08T01:47:17,9,0,1.11e+16,0.0,1233333333333333.2,0,3114839036326311.5,0,0.8648648648648649,0,2608.3333333333335,23475
0xa0e0f26b68fbe082a3adeb26717a89acf868e5fd,2018-12-07T00:44:45,6,0,4e+17,0.0,6.6666666666666664e+16,0,4.714045207910317e+16,0,0.3333333333333333,0,723.3333333333334,4340
0xa15bfc50d59d01e3da0e634ef31bc8f1f1bef58a,2018-02-06T05:50:21,20,0,7.2e+16,0.0,3600000000000000.0,0,1200000000000000.0,0,0.1,0,10310.7,206214
0xb15970c21d3fe0ed440980b056ab7fa7acb296b1,2018-02-06T05:26:32,12,0,2e+16,0.0,1666666666666666.8,0,745355992499929.9,0,0.16666666666666666,0,48335.083333333336,580021
0xa1c1fd0a21b2e43a61ce0d3f6a0195ef1e24b68f,2017-12-31T06:55:11,74,0,2.3565e+17,0.0,3184459459459459.5,0,8854697660211888.0,0,0.8289234492289871,0,51166.05405405405,3786288
0xa233ff659305eb0f47d354ea83f0f8ff7b8f612d,2018-09-08T13:54:31,0,0,0.0,0.0,0,0,0,0,0,0,0,0
0xa2c510d23d1245637acc6c63e4f60ec8817bbfb4,2018-11-04T00:02:42,4,0,2.7e+16,0.0,6750000000000000.0,0,4656984002549289.0,0,0.37962962962962965,0,341.25,1365
0xa327075af2a223a1c83a36ada1126afe7430f955,2015-08-08T05:04:59,132,1388,1.301e+21,3.611884615384615e+21,9.856060606060605e+18,2.6022223453779645e+18,1.1621073840590124e+18,2.318172483707291e+18,0.014388698670020707,0.4595815538141272,6948.7203947368425,10562055
0xa48bb4d1baff077e9c45dab5d70db59537e8ab79,2018-11-03T19:17:41,72,0,7.428420846240981e+19,0.0,1.0317251175334696e+18,0,1.305022146958288e+18,0,0.624660019783747,0,355.7361111111111,25613
0xa4d46f39a2dcf0b360f8a61b97548fadf34d758f,2016-07-03T11:33:25,0,0,0.0,0.0,0,0,0,0,0,0,0,395
0x7ef32ed2fb4b731f4d2592cbf268bce081113a78,2016-07-05T07:46:18,5,2,1e+18,1e+18,2e+17,5e+17,4e+17,5e+17,0.8,0.5,215.28571428571428,1507
0xccdf9e8a2e253f4f649782135f264dd293340b2b,2016-07-04T08:36:14,6,0,5e+18,0.0,8.333333333333334e+17,0,8.975274678557507e+17,0,0.5666666666666667,0,405.3333333333333,2432
0xa5c56eef95bb7d29ebcf1b77483cbae48d2e4e76,2016-04-07T14:59:29,0,0,0.0,0.0,0,0,0,0,0,0,0,16499643
0x429a0434bae501e4f7e31969f02ba7962254c63d,2016-04-07T15:02:39,0,0,0.0,0.0,0,0,0,0,0,0,0,16499453
0xa923c8778fb00047ce5c9fc2aaea16128a06c801,2016-04-07T14:39:34,0,0,0.0,0.0,0,0,0,0,0,0,0,16500838
0xa5dd50d5c00292c4c699b72feea631693bbd2a5a,2019-03-18T08:07:05,0,0,0.0,0.0,0,0,0,0,0,0,0,0
0xa64b0456ee7956cbc72ce31d61f43220a398a4f1,2017-12-09T19:12:32,100,0,2.605768590179e+20,0.0,2.605768590179e+18,0,3.208945657198606e+18,0,0.4818554155093595,0,7470.15,747015
0xa69610b60fec5ec350a7267ed5d47bf87aa25364,2018-05-24T14:02:10,11,0,7.5e+16,0.0,6818181818181818.0,0,1.1336330830309024e+16,0,0.7515151515151515,0,447711.1818181818,4924823
0xa7da9eb94ed9062c84f6c1880500d4e1d9bd3374,2018-10-31T01:09:17,6,0,2.671e+18,0.0,4.451666666666667e+17,0,7.025336093186021e+17,0,0.6684762261325347,0,97.16666666666667,583
0xa820487e57656771b21ab533cb99e8d347aa20ef,2016-08-14T01:05:18,46,3,6.0001e+17,6000100000000000.0,1.3043695652173914e+16,2000033333333333.2,7.404077200401717e+16,2160216039093209.8,0.971013164273349,0.5555351855246857,731255.387755102,35831514
0xa850e6f693b9bcb31df3ee44e7888ef19e608107,2016-04-05T07:08:39,0,0,0.0,0.0,0,0,0,0,0,0,0,0
0xa871e6cf5657a0c14bda66c7a709ad0c42c42006,2018-10-27T23:04:46,19,0,1.1131e+18,0.0,5.858421052631579e+16,0,3.967295596376765e+16,0,0.37261512419085624,0,3846.5789473684213,73085
0xaadcab6b005d3bbc025574d238b44588f3cd4ee2,2018-10-26T23:11:36,4,0,7e+17,0.0,1.75e+17,0,1.0897247358851683e+17,0,0.32142857142857145,0,380.75,1523
0xac39a614ea41dddac7def4ac8043bcd2fb8b9e95,2019-07-24T00:12:13,0,0,0.0,0.0,0,0,0,0,0,0,0,0
0xac935d89f390c700e69230b369cb83e7eb0ea3d2,2018-02-05T17:28:15,25,0,1.1e+17,0.0,4400000000000000.0,0,1624807680927192.2,0,0.12,0,113762.16,2844054
0xad01fab133e6b9a3308a68931f768ec86e1ad281,2018-01-26T06:35:55,424,0,1.314798e+18,0.0,3100938679245283.0,0,8916589177874827.0,0,0.8789046208891776,0,79932.33018867925,33891308
0xadd6f226b34957a8f59a5be195560b96323c74c7,2016-03-30T02:13:18,223,0,5.2001e+17,0.0,2331883408071749.0,0,3.3414598821323508e+16,0,0.9949977678076731,0,77153.63677130044,17205261
0xb079912f1a1691ad89c307ab00d1aed669d3027f,2018-04-29T05:46:54,0,0,0.0,0.0,0,0,0,0,0,0,0,0
0x1e997b4a256e11071167a1d08e98a9f5dde0bf72,2018-04-29T05:47:42,3,0,1.7e+17,0.0,5.6666666666666664e+16,0,4.921607686744467e+16,0,0.47058823529411764,0,14903.0,44709
0xb0714df2422868f2007943ed87c152e5cefe287c,2016-04-16T21:02:38,248,0,1000000000000000.0,0.0,4032258064516.129,0,63371909860894.02,0,0.9959677419354839,0,63178.61693548387,15668297
0xb0a9a81715e92768760dd1c226b8f0879909c4e6,2018-09-05T12:33:29,7,0,5.85e+17,0.0,8.357142857142858e+16,0,3.413359109171385e+16,0,0.14652014652014653,0,28226.571428571428,197586
0xb35a39c4271c288ef7ce8cd72d08ae926ee94705,2018-11-05T09:58:32,0,0,0.0,0.0,0,0,0,0,0,0,0,0
0xb5409036f98c121b91f28dce7b855737c3aed5c7,2016-04-28T01:11:25,0,0,0.0,0.0,0,0,0,0,0,0,0,14703374
0xb5e9f0ad611154bf8f135c85683981dd5ac84a94,2019-06-02T08:04:14,1125,0,1.1131406968456387e+21,0.0,9.894583971961233e+17,0,1.310207975439896e+17,0,0.018871149188886806,0,1755.8826666666666,1975368
0x7b878869b9971e0c94ca66d8e6c1488fa97158ab,2019-06-02T07:52:17,0,0,0.0,0.0,0,0,0,0,0,0,0,0
0xb7b5fec8ce8fce6b60055744913420868b8c0793,2018-11-26T01:56:06,0,0,0.0,0.0,0,0,0,0,0,0,0,0
0xba2d51af6cb36ca1b96580076b42043816fe26d8,2018-03-16T22:17:46,115,0,1.699474975e+18,0.0,1.4778043260869566e+16,0,3.4040145442348384e+16,0,0.7499781508288669,0,21789.86086956522,2505834
0xba65a627196767f7fa851713d9325d1df1958147,2018-11-14T16:03:50,2,0,1e+16,0.0,5000000000000000.0,0,5000000000000000.0,0,0.5,0,751.5,1503
0xba69e7c96e9541863f009e713caf26d4ad2241a0,2016-04-06T09:54:31,569,115,3.29e+19,2.0001e+18,5.78207381370826e+16,1.7392173913043478e+16,6.983383462884013e+17,3.398989657511693e+16,0.9927030304325297,0.7675242324840279,211659.58479532163,144775156
0xbaa54d6e90c3f4d7ebec11bd180134c7ed8ebb52,2015-08-08T05:05:50,712,10000,8.28e+19,2.1979081632653063e+20,1.1629213483146067e+17,2.1979081632653064e+16,3.73735717542962e+17,2.1699978292943916e+16,0.14222032242305815,0.4983284774484088,1510.882001493652,16184568
0xbb110d0226ad853da79921ad5b9f46195fbfa4d4,2018-10-28T04:06:15,43,0,1.1425e+19,0.0,2.6569767441860464e+17,0,1.8842240212484995e+17,0,0.3715637881023866,0,1421.6279069767443,61130
0xbb4f286f88881afff196f8170105ad91b6217e0b,2018-11-11T19:42:51,66,0,1.81381775017467e+19,0.0,2.7482087123858637e+17,0,5.2908394851537914e+17,0,0.7815434815780015,0,75813.16666666667,5003669
0xbc9b96e7aa6afea664f9d5fdda168518ee20f2cc,2018-03-14T04:34:52,461,0,2.28e+17,0.0,494577006507592.2,0,1436460794801846.8,0,0.6937816341287057,0,30602.59869848156,14107798
0xbd7b0bf0cefe4a4f09715052f85dc93d64c494b5,2018-02-10T19:31:11,0,0,0.0,0.0,0,0,0,0,0,0,0,0
0xbe46324018124b2d604c2f3eae91d3de9b388b09,2016-04-06T19:10:51,219,12,4.987611533952457e+18,4.914484671935472e+18,2.2774481890193868e+16,4.09540389327956e+17,1.5320041820903286e+17,5.929346177825958e+17,0.976620555640377,0.6645662904453068,71559.51082251083,16530247
0xc00620ab53aed6268b5ea5fcb5ebfef0672f1b41,2016-04-27T23:08:58,241,18,3.01e+18,3.01e+18,1.2489626556016598e+16,1.672222222222222e+17,6.9510446513810664e+16,1.9490668865883136e+17,0.9378999462373003,0.4764857881136951,56798.15057915058,14710721
0xc07021b1875e2c4a885e73ad43557c7e40d63556,2018-12-12T20:49:52,141,0,1.1904593576687632e+20,0.0,8.442974167863569e+17,0,3.12449866432489e+17,0,0.15126504304867902,0,3927.0567375886526,553715
0xc0e6df904ee408b13f4f22487246af0a7755830a,2018-10-28T19:33:40,269,0,3.406816042943844e+20,0.0,1.2664743654066335e+18,0,1.2047636381496036e+18,0,0.5224748236691654,0,2328.5985130111526,626393
0xc14c848a2a5945e1a415976fc059550ecbe7b034,2019-02-26T05:31:39,11,0,1e+16,0.0,909090909090909.1,0,287479787288034.5,0,0.09090909090909091,0,2487841.272727273,27366254
0xc1dc3238dc94615e47da5096e49dd4a94eb16e27,2017-03-21T21:45:19,11,0,8.31e+16,0.0,7554545454545455.0,0,4624315897585410.0,0,0.28815228093206435,0,4458.363636363636,49042
0xc29c2101245bda07d15bdc9779508fd652089db2,2018-02-25T11:32:56,7,0,4e+16,0.0,5714285714285714.0,0,4948716593053935.0,0,0.42857142857142855,0,298.7142857142857,2091
0xc2addd4725cd7bc2c82bd301be480db6e1603094,2018-11-09T00:04:16,68,0,5.674630762139581e+19,0.0,8.34504523844056e+17,0,1.6502112613320911e+18,0,0.8074522815270375,0,6594.60294117647,448433
0xc2b9e4826a426a071254ccc40261299740c02b2c,2016-06-29T16:27:00,216,0,3e+17,0.0,1388888888888889.0,0,2.0365108748076644e+16,0,0.9953703703703703,0,43016.84722222222,9291639
0xc31de80e5e59e71d052aa919cf2ca16ee30ec188,2018-09-21T15:40:35,19,0,1.000000000000007e+16,0.0,526315789473687.9,0,2232968782694359.8,0,0.9473684210526285,0,196.57894736842104,3735
0xc33281d43bd23b6f8ec8880c663d7603b85cb383,2016-09-18T20:45:02,6,2,5e+18,2e+18,8.333333333333334e+17,1e+18,3.72677996249965e+17,0.0,0.16666666666666666,0.0,403280.125,3226241
0xc3ea071731002a0b4e1929b29c494af48f41ccbf,2017-09-06T03:16:52,0,0,0.0,0.0,0,0,0,0,0,0,0,1591
0xc543afe640c8c7521beb6549be75f77b568f4590,2018-10-27T22:53:37,121,0,6.015027359657e+18,0.0,4.9710969914520664e+16,0,1.1260983210228763e+17,0,0.7708765691120396,0,625.9586776859504,75741
0xc54ca49957411b3807692fa9e91bed743274ea05,2017-06-02T15:37:47,0,0,0.0,0.0,0,0,0,0,0,0,0,1697
0xc66d973181f202142bbdd5877d2c175c5593fdbf,2018-11-08T23:31:39,6,0,3.0931641080677523e+17,0.0,5.1552735134462536e+16,0,5.619798860154068e+16,0,0.5854749462962516,0,25616.166666666668,153697
0xc7f33002108cb60ac9bf61efcba0f87b2449476e,2018-08-30T02:43:11,0,0,0.0,0.0,0,0,0,0,0,0,0,0
0xc8b208cb52d2f70c279c7cd6f86b4b6887b8f10d,2016-04-22T04:20:20,0,0,0.0,0.0,0,0,0,0,0,0,0,0
0xc8c3f722b6a618632df615a81c73079859535224,2017-06-13T06:00:08,3,0,100000000000000.0,0.0,33333333333333.332,0,47140452079103.17,0,0.6666666666666666,0,1306.0,3918
0xc9ef94f7b7dd045cce2b0cab7ac3075d6b49f4b3,2018-09-18T00:28:29,39,0,2.4175e+17,0.0,6198717948717949.0,0,3.1665123755622816e+16,0,0.9580250841884761,0,805714.358974359,31422860
0xcaa940073368a4537b38419f5ec5ba9cccd81b6c,2018-10-28T15:56:07,27,0,9.586e+18,0.0,3.5503703703703706e+17,0,2.755392667427762e+17,0,0.43345619769571364,0,7015.259259259259,189412
0xcac337492149bdb66b088bf5914bedfbf78ccc18,2016-04-13T03:01:31,74,44,2.7391e+20,2.716099948e+20,3.7014864864864865e+18,6.172954427272728e+18,3.71627526488714e+18,4.212696189615881e+18,0.5381956195909684,0.3760093932167905,46947.161016949154,5539765
0xcbfb33b01e265b60f46c21f2f9a96cf6276a5395,2018-11-20T03:03:32,163,0,5.368481869093328e+19,0.0,3.293547158952962e+17,0,2.3248369117470566e+17,0,0.35184701384402306,0,32146.435582822087,5239869
0xce40e8d14a2ac99926581b6aa7bbacaa26f37ea3,2017-12-07T19:50:33,0,0,0.0,0.0,0,0,0,0,0,0,0,0
0x8526f3df4ab4093650b7cf734a839580ee29f6de,2017-12-07T19:52:00,0,0,0.0,0.0,0,0,0,0,0,0,0,60182
0xce44c75d3c2864421df2a1d2f068d8da8375f579,2015-08-08T18:40:06,2,0,7912158937.0,0.0,3956079468.5,0,3956079468.5,0,0.5,0,233.5,467
0xce9ed0b322a1420da4b6990e3047796f57471336,2017-11-12T15:32:09,2,0,5e+17,0.0,2.5e+17,0,2.5e+17,0,0.5,0,306.5,613
0xcf797c717267d833d948fe8f76742f05b8164491,2016-04-07T14:27:50,0,0,0.0,0.0,0,0,0,0,0,0,0,16461910
0x7d56485e026d5d3881f778e99969d2b1f90c50af,2016-03-20T21:01:36,832,801,1.1730966043191581e+21,1.1383487816820704e+21,1.4099718801912957e+18,1.4211595276929718e+18,8.505384930734829e+18,1.008402104853348e+19,0.9662985796537586,0.9760641755390179,37265.6638089406,60854829
0xd02f84a72d102dc64cde6de46ed5ba51d3c68084,2018-10-29T22:06:24,0,0,0.0,0.0,0,0,0,0,0,0,0,0
0xa288f740c5f795ff2a3ae4a5a88ac28d809d72c0,2018-10-29T21:39:05,0,0,0.0,0.0,0,0,0,0,0,0,0,0
0xd077e49cbad10688a3084aa3e8ed1605084d4ec0,2018-11-06T21:33:07,3,0,6.5e+16,0.0,2.1666666666666668e+16,0,2.0949675149960892e+16,0,0.5128205128205128,0,3746.0,11238
0xd16bf8966ecad31defaed4fab5b94373b728ac2f,2016-03-22T18:22:39,0,0,0.0,0.0,0,0,0,0,0,0,0,17826992
0xd28b6a09d841cc8a31fc546e731f2b6e9f1f20c9,2017-09-08T10:27:30,0,0,0.0,0.0,0,0,0,0,0,0,0,0
0x5df4bea3540899a33c76c4d25108f4fe2ca89044,2017-09-08T10:26:56,245,0,1.447444592246728e+18,0.0,5907937111211134.0,0,1.947252840218147e+16,0,0.8718491292239146,0,239494.88979591837,58676248
0xd2d45e752100f84739cfeedc89594ded3294fc4d,2016-03-10T13:59:41,5,1,1.2e+17,1.2e+17,2.4e+16,1.2e+17,2.0591260281974e+16,0.0,0.4666666666666667,0.0,64.66666666666667,388
0x27847705c4095b5d06b288054b46105977408ba1,2016-03-10T16:51:23,4,1,1.88e+17,1.88e+17,4.7e+16,1.88e+17,4.719110085598767e+16,0.0,0.5159574468085106,0.0,65.2,326
0xd2dc2625079d2eb5d31a03ce2372304a23fb7b42,2016-03-28T01:38:34,552,0,1e+17,0.0,181159420289855.06,0,4252425577646921.5,0,0.9981884057971014,0,31485.769927536232,17380145
0xd3ac627abdc1ce6c27c04b37c86e368f754f2995,2018-10-29T01:28:14,136,0,1.1626472055010176e+20,0.0,8.548876511036895e+17,0,8.053694104738637e+17,0,0.5148377159435373,0,1923.6691176470588,261619
0xd41915c768e5dbbb16e2f4df775c89906f3d4f9d,2018-02-10T18:29:47,0,0,0.0,0.0,0,0,0,0,0,0,0,0
0xd54ee7c15c1f22323f45ec342edcb1397ab5cff6,2018-11-26T18:09:16,2,0,1e+16,0.0,5000000000000000.0,0,5000000000000000.0,0,0.5,0,73.5,147
0xa667d8019c50933b085fccd8df811ec42328a67a,2018-11-26T18:22:49,2,0,1e+16,0.0,5000000000000000.0,0,5000000000000000.0,0,0.5,0,113.0,226
0xd55dd7b0ed0bbb05a047691f30277764ecf55a1f,2018-11-06T02:02:15,2,0,143163922691482.0,0.0,71581961345741.0,0,71581961345741.0,0,0.5,0,18439.5,36879
0xd6893da3dd6dc91b4957d2d74737c6726f1033d5,2018-10-29T15:06:41,18,0,2.8808428423962097e+18,0.0,1.600468245775672e+17,0,2.2607037921592166e+17,0,0.6143417120414723,0,1462.611111111111,26327
0xd76cc9c1ba83331246bd68ae3b4c5e1d175eb1fc,2019-09-19T21:59:21,0,0,0.0,0.0,0,0,0,0,0,0,0,0
0xdbfd991dd432372da1bf4144758228b3c726aafc,2016-04-03T06:25:05,0,0,0.0,0.0,0,0,0,0,0,0,0,16833246
0x14299bd951a70450708fc5554e5281489973e754,2016-04-21T19:03:35,0,0,0.0,0.0,0,0,0,0,0,0,0,15232536
0x5b2c8687b3a5ae6a7b621e765179c0476c2867b4,2016-04-15T02:01:46,226,1,1e+18,1e+18,4424778761061947.0,1e+18,6.63716814159292e+16,0.0,0.995575221238938,0.0,69657.46696035242,15812245
0x38be2c76fbd488a628584cdbafec188cc0711bb5,2016-04-09T08:24:09,0,0,0.0,0.0,0,0,0,0,0,0,0,16307702
0xb8b880e82ca467a212019f7e2beafad588661194,2016-04-04T15:19:22,0,0,0.0,0.0,0,0,0,0,0,0,0,16714789
0x7c197562ad28e3fdd613117677ecb6e3c3f8182b,2016-04-02T05:48:36,224,2,1.3451000059604644e+16,1.3451000059604644e+16,60049107408949.305,6725500029802322.0,740208044031803.4,6495499970197678.0,0.9928672986205188,0.4829008952058986,74875.37610619469,16921835
0x77b332e2263361d4614be6c760c7a1343d41d277,2016-03-29T20:23:54,222,2,1.100000005e+16,1.100000005e+16,49549549774774.77,5500000025000000.0,672681051518527.5,4500000025000000.0,0.9946764945983172,0.40909090950413224,76852.30803571429,17214917
0x5030916fd73cffb2dab9ca7249d48fe38de543dc,2016-03-28T15:22:35,220,0,1e+17,0.0,454545454545454.56,0,6726658448613066.0,0,0.9954545454545455,0,78724.52727272727,17319396
0x29554227e2965b8acdd2535e7cdbec51d3754394,2016-03-24T00:39:28,223,1,1.163265306122449e+18,1.63265306122449e+17,5216436350324883.0,1.63265306122449e+17,6.7650760413708904e+16,0.0,0.9942569428054442,0.0,79098.13839285714,17717983
0xdf16c9adb2ef70b13869a4c0bab925cc231cda6a,2016-03-23T22:09:46,0,0,0.0,0.0,0,0,0,0,0,0,0,17726965
0xdcabd383a7c497069d0804070e4ba70ab6ecdd51,2016-04-19T02:24:54,66,26,4.719523772281469e+19,4.507531053627241e+19,7.150793594365862e+17,1.7336657898566313e+18,1.4385366765054784e+18,3.6396821808891095e+18,0.8095965943362884,0.8041273955720892,168223.53260869565,15476565
0xb97768a8e31789dbece1403694e53c2142c3d706,2016-04-26T16:10:04,0,0,0.0,0.0,0,0,0,0,0,0,0,14822255
0xdd39457768927c7d13b7854931eb4e800fb1f347,2017-06-13T07:32:27,0,0,0.0,0.0,0,0,0,0,0,0,0,0
0xdf77b0896bc7c473df2d86d534af317b96b58386,2018-11-09T21:33:28,0,0,0.0,0.0,0,0,0,0,0,0,0,0
0xdf78d51e66f11c999ec5e8a0197096d661324cb1,2016-02-24T22:16:13,0,0,0.0,0.0,0,0,0,0,0,0,0,0
0xcd32fa4732fd6a4b921e44753659a488f1ced0e1,2016-02-24T22:19:13,24,1,2.8e+19,2.8e+19,1.1666666666666668e+18,2.8e+19,4.980517599161311e+18,0.0,0.9404761904761905,0.0,60.92,1523
0xe190acdccd250dc371e69f1715ff4a7c20d0c67e,2016-04-07T15:16:29,0,0,0.0,0.0,0,0,0,0,0,0,0,0
0xe1afe9181f3491d10c6c4ea2039ed02ec3eeea50,2016-04-10T22:23:39,7,2,2.76e+18,2.76e+18,3.942857142857143e+17,1.38e+18,4.1822267284502e+17,1.37e+18,0.5683229813664596,0.4963768115942029,35.111111111111114,316
0xe194eccaed16ae7fa60e7c3efa45bd9d9839330a,2018-06-15T14:19:24,0,0,0.0,0.0,0,0,0,0,0,0,0,0
0xe30fd06aaad80449ef1a2ef5ea9bebfc6bf53d9a,2018-11-23T03:40:41,3,0,2.211069807100529e+16,0.0,7370232690335096.0,0,5282298049081759.0,0,0.36515349665015984,0,142.33333333333334,427
0xe498c0a111e6435fe84e990cb6ca7aa1b5f12da5,2018-12-10T15:53:46,0,0,0.0,0.0,0,0,0,0,0,0,0,0
0xe4c1c33ed635263c61bf61db751b8a74ee3af0e4,2016-04-11T17:47:48,0,0,0.0,0.0,0,0,0,0,0,0,0,16103230
0xe55d618856df833c63fbe3fa940fbb69a3137e05,2018-10-28T16:15:47,37,0,8.19001e+17,0.0,2.2135162162162164e+16,0,3.544019707979605e+16,0,0.534070759970362,0,132.72972972972974,4911
0xe59005d47a26d56ea718cf61c9e2bcdd2f723f9a,2016-04-07T14:42:54,0,0,0.0,0.0,0,0,0,0,0,0,0,0
0xe6aadd7b71e8ea9e7ec91459345409eeb3175c9a,2015-11-08T02:32:56,2,0,1.0,0.0,0.5,0,0.5,0,0.4999999000000199,0,78.0,156
0xe72752f55e69052ef40d989a843b9fa59e88b26b,2019-08-20T04:58:47,0,0,0.0,0.0,0,0,0,0,0,0,0,4148594
0xe73cf3f446f126228b2db7c04a46d285ea18ab56,2018-10-26T21:08:06,0,0,0.0,0.0,0,0,0,0,0,0,0,0
0xebdb32b3a150ceb720b7e922d2f5d50aefa3700b,2016-04-07T14:35:28,0,0,0.0,0.0,0,0,0,0,0,0,0,16501084
0xec2059feaf2d294c1ae3d5388346fe36f448e039,2016-04-05T01:13:30,0,0,0.0,0.0,0,0,0,0,0,0,0,0
0xec46e917f78d1a42567ffeb4edfa8933d77eb872,2018-10-29T01:52:43,40,0,4.712e+19,0.0,1.178e+18,0,1.3489621751554043e+18,0,0.6056632003395586,0,1943.7,77748
0xecff67d36188c73d07556e4da2091c8d2f8f4f4c,2016-04-13T00:36:43,258,3,1.7e+17,1.692e+17,658914728682170.5,5.64e+16,9398165847802766.0,4.1561841473479816e+16,0.9952120383036935,0.3987391646966115,61312.747126436785,16002627
0xedcb4363c812ffbdc45777f1029bdcc549fe5fac,2019-01-27T19:25:25,19,0,2.9e+17,0.0,1.5263157894736842e+16,0,4.417291633338377e+16,0,0.8493647912885662,0,202185.1052631579,3841517
0xee462a6717f17c57c826f1ad9b4d3813495296c9,2016-04-08T22:09:18,65,22,1.083102e+19,1.0702971e+19,1.6663107692307693e+17,4.864986818181818e+17,5.34579323802653e+17,2.0551738220237985e+18,0.9145849606038952,0.9279857349039728,1652664.1264367816,143781779
0xef35ca72fbeb2afbe5a181d3c1ebb313c948285e,2018-10-27T02:07:42,27,0,6.03919e+18,0.0,2.236737037037037e+17,0,3.2820061973386035e+17,0,0.7062269142912408,0,4577.555555555556,123594
0xf05df4848a919c2add2068aa3e031a3ba13dcd99,2019-07-30T04:03:13,0,0,0.0,0.0,0,0,0,0,0,0,0,0
0xf14f52b78169b526b2a0dbcba0ae82751fa6b0df,2020-02-01T18:59:26,10000,0,4.610496e+20,0.0,4.610496e+16,0,1.6659164702768986e+17,0,0.7985700326385708,0,87.696,876960
0xf297886a4ed402d39f3961d63944812ebd00b46c,2018-11-03T02:54:45,0,0,0.0,0.0,0,0,0,0,0,0,0,0
0xf2b388dc7c9bc0011b6898e11865dbf0dc5a01dc,2016-04-29T05:20:53,0,0,0.0,0.0,0,0,0,0,0,0,0,14602006
0xf2f41d6964f7288069554f9e2555d17ce1f41b75,2016-04-08T21:38:02,471,87,1.1595647889916345e+20,1.7911723589491235e+20,2.4619209957359542e+17,2.058818803389797e+18,2.014709558945511e+18,5.445189508952713e+18,0.9030535136400935,0.825980602213577,43763.20430107527,24419868
0x4a748c95123d137575ed3b77f1f3ad32163b2469,2016-04-08T21:02:23,5,5,3e+17,3e+17,6e+16,6e+16,4.898979485566357e+16,4.858394796638083e+16,0.4,0.39866666666666667,197.6,1976
0xf40dd5bdb1a0f96b0c41cc9ab4faab5c7796feba,2018-10-31T01:12:06,0,0,0.0,0.0,0,0,0,0,0,0,0,0
0xc3766cc3ab5d3d05331395dca034ea6e778e322e,2018-10-31T00:59:56,0,0,0.0,0.0,0,0,0,0,0,0,0,0
0xf495b2ff77d4d382a32b29c9c1be703c4bd4df8c,2018-09-23T16:25:25,0,0,0.0,0.0,0,0,0,0,0,0,0,1209
0xf550608ee18b00bb73e6f521dcc8976d0836581f,2018-02-10T22:40:48,3,0,2e+16,0.0,6666666666666667.0,0,4714045207910317.0,0,0.3333333333333333,0,100.33333333333333,301
0x0e0e9e05d87ac18c83055bb38b94647e941e1a62,2018-07-15T01:08:26,23,0,2.1298e+20,0.0,9.26e+18,0,2.068184732309114e+19,0,0.7634723815667526,0,65507.82608695652,1506680
0x862570f50851eef2b4309a13acd4e37769c13ec9,2018-07-10T11:36:47,54,0,3.0775e+20,0.0,5.699074074074074e+18,0,7.678363605689672e+18,0,0.5625507717303005,0,24852.87037037037,1342055
0x188bdf134e9ccfbd5c036f11ddd63fd1c4ac2a56,2018-07-06T01:21:29,5,0,2.42e+20,0.0,4.84e+19,0,5.46465003454018e+19,0,0.5785123966942148,0,1838760.4,9193802
0xddf0a8eeb1b8953d0d97f19816e5110569398bb8,2018-07-06T00:48:50,3,0,2.4e+20,0.0,8e+19,0,5.65685424949238e+19,0,0.3333333333333333,0,550.0,1650
0x140b096241427529fef63b0c93af4fc76b819766,2018-07-06T00:44:30,75,0,6.5949e+20,0.0,8.793199999999999e+18,0,1.6079836082083256e+19,0,0.6712621369037691,0,5725.8133333333335,429436
0xc515b85cdf678fa325eb3752a239f83eae423d23,2018-07-04T16:02:07,14,0,5.059e+20,0.0,3.6135714285714285e+19,0,4.363621705390501e+19,0,0.6180075113658826,0,8155.714285714285,114180
0x0cbef763c60a5bca0d83a9b87c40bbbafc753a65,2018-07-03T02:12:00,209,0,1.2209070407611e+21,0.0,5.841660482110526e+18,0,1.404588062186153e+19,0,0.604047538691394,0,1157.3397129186603,241884
0x90eb5b0ae900697b3675ec9e6ceb3d61dbb1d4f1,2018-07-03T00:52:45,58,0,4.0451e+20,0.0,6.974310344827587e+18,0,1.3455597362675681e+19,0,0.7066408144720006,0,11865.206896551725,688182
0x3f63c22ccbfba53e67703ffffa1151238184184d,2018-07-03T00:35:43,96,0,5.946471e+20,0.0,6.194240625000001e+18,0,1.7415429810638815e+19,0,0.7167054189927663,0,13286.4375,1275498
0xa1bdf3dc009e1466496fb3dbb540cc19faf0a50e,2018-06-29T13:30:34,24,0,1.4772e+20,0.0,6.155e+18,0,3.6044058687482276e+18,0,0.32753407347233504,0,95239.25,2285742
0xf5582fb582d768e661d2d50f7163b0e379b7c527,2018-10-27T03:10:11,0,0,0.0,0.0,0,0,0,0,0,0,0,0
0xf6646cbea7b18dd7c77756879bda42f70da3526f,2018-10-27T02:22:58,3,0,2e+16,0.0,6666666666666667.0,0,4714045207910317.0,0,0.3333333333333333,0,302.3333333333333,907
0xf7070fc72e2b92c6309785a39338d7c919a3cf4a,2016-04-05T01:20:20,34,23,1.5737854567000002e+20,1.508254e+20,4.628780755e+18,6.557626086956521e+18,4.2992575431740713e+18,4.63956082790615e+18,0.4902644202870997,0.36814811667346314,372.05263157894734,21207
0xf767fca8e65d03fe16d4e38810f5e5376c3372a8,2016-04-23T19:57:15,21,28,2e+19,1.58e+19,9.523809523809523e+17,5.642857142857143e+17,2.1295885499997997e+17,5.938459911664722e+17,0.047619047619047616,0.5207956600361664,94580.97959183673,4634468
0xf848b822979d73af6e2177c7c2dc065442a7eac4,2018-03-19T10:15:25,0,0,0.0,0.0,0,0,0,0,0,0,0,0
0xf8f04b23dace12841343ecf0e06124354515cc42,2018-10-28T00:07:45,349,0,1.689555750841439e+20,0.0,4.841133956565728e+17,0,4.326665707170116e+17,0,0.48400969496791585,0,253.14899713467048,88349
0xf963bf38bfbcfcfa45d3c7b0527c70120b1aad85,2016-04-13T00:49:51,0,0,0.0,0.0,0,0,0,0,0,0,0,0
0xf9781981c53102493aabf1c04ffb243e74c952ec,2018-03-27T20:49:57,0,0,0.0,0.0,0,0,0,0,0,0,0,0
0x789ffeaf3efa124fe98b4217af7eb09e90f5fbeb,2018-03-27T20:19:34,9,0,8000000000000000.0,0.0,888888888888888.9,0,314269680527354.5,0,0.1111111111111111,0,45742.22222222222,411680
0xfa0ccb7b23015e1afe28bf0dbd33a3448acf6f5d,2018-10-28T14:34:37,48,0,2.5088870842e+19,0.0,5.226848092083333e+17,0,8.12298046813043e+17,0,0.6948277645291859,0,309.2916666666667,14846
0xfa1d6558c2d151c0eb05fc5741cf753f79b5babb,2016-03-26T16:00:54,273,14,6.2e+18,7e+18,2.271062271062271e+16,5e+17,8.89333235688635e+16,4.9e+17,0.944936783646461,0.49,60983.88850174216,17502376
0xfbc128067a2fe13c11bbc6cc55f29aa1f27630da,2015-08-10T12:39:03,32,126,3.1e+19,2.7999999999999996e+19,9.6875e+17,2.2222222222222218e+17,1.7399263633843818e+17,2.8122856571273034e+17,0.03125,0.6121031746031746,23514.563291139242,3715301
0xfbd5979c6410cd9998add986c450695af5a69309,2018-11-09T21:50:18,16,0,5.624e+18,0.0,3.515e+17,0,3.770029840730707e+17,0,0.5491198435277382,0,639.0625,10225
0xfcd10b4fbea9af9e3293a239d5d347e4e8b2fc47,2018-09-05T16:12:05,0,0,0.0,0.0,0,0,0,0,0,0,0,0
0xfdc70cfb614535c6818647bd85d8da4008819c5f,2018-11-07T03:03:52,3,0,3.023266244725018e+16,0.0,1.0077554149083394e+16,0,1.425181375318299e+16,0,0.6666666666666666,0,803.3333333333334,2410
